,sample_0,UK_united_kingdom_present,sample_1,sample_2,unit
dashboard_bio_footprint,0.34896311834576255,0,0.29637728614850745,0.3125978798018832,factor
dashboard_biomass_final_demand,159.0943026651762,0,156.52249642126705,290.7431801059066,PJ
dashboard_biomass_import_share,0.768078544816782,0.313142607301897,0.6337526275793876,0.7053416890090177,factor
dashboard_biomass_primary_demand,315.82229598015306,0,347.52028288051673,439.63977831749804,PJ
dashboard_co2_emissions_versus_start_year,-0.34487344326188085,0,-0.1921729518739691,-0.29679264575086184,factor
dashboard_emissions,-0.2878193816493143,0,-0.1603808621938122,-0.24769282021292394,factor
dashboard_energy_demand_primary_of_final,6361657250669.532,0,6808413328318.782,7272964609821.867,MJ
dashboard_energy_demand_primary_of_final_plus_export_losses,6673080646350.9,7122131801794.304,7147840273814.703,7763865226280.343,MJ
dashboard_energy_import_netto,0.42948054567012056,0,0.3931903576272334,0.523036910480365,factor
dashboard_power_shortage_hours,0,0,0,0,hours
dashboard_profitability,"{'agriculture_chp_engine_network_gas_dispatchable': {'profitability': 'unprofitable', 'full_load_hours': 0.0, 'position': None, 'capacity': 0.0, 'availability': 95.0, 'profit_per_mwh_electricity': None}, 'agriculture_chp_wood_pellets': {'profitability': 'unprofitable', 'full_load_hours': 0.0, 'position': None, 'capacity': 0.0, 'availability': 91.0, 'profit_per_mwh_electricity': None}, 'energy_chp_combined_cycle_ht_network_gas': {'profitability': 'unprofitable', 'full_load_hours': 0.0, 'position': None, 'capacity': 0.0, 'availability': 90.0, 'profit_per_mwh_electricity': None}, 'energy_chp_combined_cycle_mt_network_gas': {'profitability': 'unprofitable', 'full_load_hours': 0.0, 'position': None, 'capacity': 0.0, 'availability': 90.0, 'profit_per_mwh_electricity': None}, 'energy_chp_local_engine_ht_network_gas': {'profitability': 'unprofitable', 'full_load_hours': 0.0, 'position': None, 'capacity': 0.0, 'availability': 95.0, 'profit_per_mwh_electricity': None}, 'energy_chp_local_engine_mt_network_gas': {'profitability': 'unprofitable', 'full_load_hours': 0.0, 'position': None, 'capacity': 0.0, 'availability': 95.0, 'profit_per_mwh_electricity': None}, 'energy_chp_local_ht_wood_pellets_ccs_dispatchable': {'profitability': 'unprofitable', 'full_load_hours': 0.0, 'position': None, 'capacity': 0.0, 'availability': 91.0, 'profit_per_mwh_electricity': None}, 'energy_chp_local_ht_wood_pellets_dispatchable': {'profitability': 'unprofitable', 'full_load_hours': 0.0, 'position': None, 'capacity': 0.0, 'availability': 91.0, 'profit_per_mwh_electricity': None}, 'energy_chp_local_mt_wood_pellets_ccs_dispatchable': {'profitability': 'unprofitable', 'full_load_hours': 0.0, 'position': None, 'capacity': 0.0, 'availability': 91.0, 'profit_per_mwh_electricity': None}, 'energy_chp_local_mt_wood_pellets_dispatchable': {'profitability': 'unprofitable', 'full_load_hours': 0.0, 'position': None, 'capacity': 0.0, 'availability': 91.0, 'profit_per_mwh_electricity': None}, 'energy_chp_supercritical_ccs_ht_waste_mix': {'profitability': 'unprofitable', 'full_load_hours': 0.0, 'position': None, 'capacity': 0.0, 'availability': 90.0, 'profit_per_mwh_electricity': None}, 'energy_chp_supercritical_ccs_mt_waste_mix': {'profitability': 'unprofitable', 'full_load_hours': 0.0, 'position': None, 'capacity': 0.0, 'availability': 90.0, 'profit_per_mwh_electricity': None}, 'energy_chp_supercritical_ht_waste_mix': {'profitability': 'unprofitable', 'full_load_hours': 0.0, 'position': 2, 'capacity': 269.5043027081751, 'availability': 90.0, 'profit_per_mwh_electricity': None}, 'energy_chp_supercritical_mt_waste_mix': {'profitability': 'unprofitable', 'full_load_hours': 0.0, 'position': None, 'capacity': 0.0, 'availability': 90.0, 'profit_per_mwh_electricity': None}, 'energy_chp_ultra_supercritical_cofiring_ht_coal': {'profitability': 'unprofitable', 'full_load_hours': 0.0, 'position': None, 'capacity': 0.0, 'availability': 90.0, 'profit_per_mwh_electricity': None}, 'energy_chp_ultra_supercritical_cofiring_mt_coal': {'profitability': 'unprofitable', 'full_load_hours': 0.0, 'position': None, 'capacity': 0.0, 'availability': 90.0, 'profit_per_mwh_electricity': None}, 'energy_chp_ultra_supercritical_ht_coal': {'profitability': 'unprofitable', 'full_load_hours': 0.0, 'position': None, 'capacity': 0.0, 'availability': 90.0, 'profit_per_mwh_electricity': None}, 'energy_chp_ultra_supercritical_ht_lignite': {'profitability': 'unprofitable', 'full_load_hours': 0.0, 'position': None, 'capacity': 0.0, 'availability': 90.0, 'profit_per_mwh_electricity': None}, 'energy_chp_ultra_supercritical_mt_coal': {'profitability': 'unprofitable', 'full_load_hours': 0.0, 'position': None, 'capacity': 0.0, 'availability': 90.0, 'profit_per_mwh_electricity': None}, 'energy_chp_ultra_supercritical_mt_lignite': {'profitability': 'unprofitable', 'full_load_hours': 0.0, 'position': None, 'capacity': 0.0, 'availability': 90.0, 'profit_per_mwh_electricity': None}, 'energy_power_combined_cycle_ccs_coal': {'profitability': 'unprofitable', 'full_load_hours': 0.0, 'position': None, 'capacity': 0.0, 'availability': 83.0, 'profit_per_mwh_electricity': None}, 'energy_power_combined_cycle_ccs_network_gas': {'profitability': 'unprofitable', 'full_load_hours': 0.0, 'position': None, 'capacity': 0.0, 'availability': 87.0, 'profit_per_mwh_electricity': None}, 'energy_power_combined_cycle_coal': {'profitability': 'unprofitable', 'full_load_hours': 0.0, 'position': 4, 'capacity': 704.88, 'availability': 85.0, 'profit_per_mwh_electricity': None}, 'energy_power_combined_cycle_hydrogen': {'profitability': 'unprofitable', 'full_load_hours': 0.0, 'position': None, 'capacity': 0.0, 'availability': 90.0, 'profit_per_mwh_electricity': None}, 'energy_power_combined_cycle_network_gas': {'profitability': 'unprofitable', 'full_load_hours': 0.0, 'position': 6, 'capacity': 73031.07100000001, 'availability': 90.0, 'profit_per_mwh_electricity': None}, 'energy_power_engine_diesel': {'profitability': 'unprofitable', 'full_load_hours': 0.0, 'position': None, 'capacity': 0.0, 'availability': 95.0, 'profit_per_mwh_electricity': None}, 'energy_power_engine_network_gas': {'profitability': 'unprofitable', 'full_load_hours': 0.0, 'position': 10, 'capacity': 37728.475, 'availability': 95.0, 'profit_per_mwh_electricity': None}, 'energy_power_hydro_mountain': {'profitability': 'unprofitable', 'full_load_hours': 93.68148231794552, 'position': 1, 'capacity': 5282.742, 'availability': 51.0, 'profit_per_mwh_electricity': -663.1484077164419}, 'energy_power_nuclear_gen2_uranium_oxide': {'profitability': None, 'full_load_hours': 6070.001501, 'position': None, 'capacity': 9255.999999280542, 'availability': 89.0, 'profit_per_mwh_electricity': None}, 'energy_power_nuclear_gen3_uranium_oxide': {'profitability': None, 'full_load_hours': 8000.0, 'position': None, 'capacity': 61287.74, 'availability': 92.0, 'profit_per_mwh_electricity': None}, 'energy_power_nuclear_small_modular_reactor_uranium_oxide': {'profitability': 'unprofitable', 'full_load_hours': 0.0, 'position': None, 'capacity': 0.0, 'availability': 90.0, 'profit_per_mwh_electricity': None}, 'energy_power_supercritical_ccs_waste_mix': {'profitability': 'unprofitable', 'full_load_hours': 0.0, 'position': None, 'capacity': 0.0, 'availability': 90.0, 'profit_per_mwh_electricity': None}, 'energy_power_supercritical_coal': {'profitability': 'unprofitable', 'full_load_hours': 0.0, 'position': 11, 'capacity': 160.153, 'availability': 89.0, 'profit_per_mwh_electricity': None}, 'energy_power_supercritical_waste_mix': {'profitability': 'unprofitable', 'full_load_hours': 0.0, 'position': 3, 'capacity': 1197.9149999999997, 'availability': 90.0, 'profit_per_mwh_electricity': None}, 'energy_power_turbine_hydrogen': {'profitability': 'unprofitable', 'full_load_hours': 0.0, 'position': None, 'capacity': 0.0, 'availability': 90.0, 'profit_per_mwh_electricity': None}, 'energy_power_turbine_network_gas': {'profitability': 'unprofitable', 'full_load_hours': 0.0, 'position': 13, 'capacity': 2461.1690000000003, 'availability': 90.0, 'profit_per_mwh_electricity': None}, 'energy_power_ultra_supercritical_ccs_coal': {'profitability': 'unprofitable', 'full_load_hours': 0.0, 'position': None, 'capacity': 0.0, 'availability': 87.0, 'profit_per_mwh_electricity': None}, 'energy_power_ultra_supercritical_coal': {'profitability': 'unprofitable', 'full_load_hours': 0.0, 'position': 5, 'capacity': 205.15099999999998, 'availability': 90.0, 'profit_per_mwh_electricity': None}, 'energy_power_ultra_supercritical_cofiring_coal': {'profitability': 'unprofitable', 'full_load_hours': 0.0, 'position': 12, 'capacity': 378.146, 'availability': 90.0, 'profit_per_mwh_electricity': None}, 'energy_power_ultra_supercritical_crude_oil': {'profitability': 'unprofitable', 'full_load_hours': 0.0, 'position': 16, 'capacity': 694.8000000514934, 'availability': 89.0, 'profit_per_mwh_electricity': None}, 'energy_power_ultra_supercritical_lignite': {'profitability': 'unprofitable', 'full_load_hours': 0.0, 'position': None, 'capacity': 0.0, 'availability': 90.0, 'profit_per_mwh_electricity': None}, 'energy_power_ultra_supercritical_network_gas': {'profitability': 'unprofitable', 'full_load_hours': 0.0, 'position': 9, 'capacity': 33763.00000213704, 'availability': 90.0, 'profit_per_mwh_electricity': None}, 'energy_power_ultra_supercritical_oxyfuel_ccs_lignite': {'profitability': 'unprofitable', 'full_load_hours': 0.0, 'position': None, 'capacity': 0.0, 'availability': 87.0, 'profit_per_mwh_electricity': None}, 'energy_power_wood_pellets_ccs_dispatchable': {'profitability': 'unprofitable', 'full_load_hours': 0.0, 'position': None, 'capacity': 0.0, 'availability': 90.0, 'profit_per_mwh_electricity': None}, 'energy_power_wood_pellets_dispatchable': {'profitability': 'unprofitable', 'full_load_hours': 0.0, 'position': 14, 'capacity': 730.587, 'availability': 90.0, 'profit_per_mwh_electricity': None}, 'industry_chp_combined_cycle_gas_power_fuelmix': {'profitability': 'unprofitable', 'full_load_hours': 0.0, 'position': 7, 'capacity': 11266.314496684754, 'availability': 90.0, 'profit_per_mwh_electricity': None}, 'industry_chp_engine_gas_power_fuelmix': {'profitability': 'unprofitable', 'full_load_hours': 0.0, 'position': None, 'capacity': 0.0, 'availability': 95.0, 'profit_per_mwh_electricity': None}, 'industry_chp_turbine_gas_power_fuelmix': {'profitability': 'unprofitable', 'full_load_hours': 0.0, 'position': None, 'capacity': 0.0, 'availability': 90.0, 'profit_per_mwh_electricity': None}, 'industry_chp_turbine_hydrogen': {'profitability': 'unprofitable', 'full_load_hours': 0.0, 'position': None, 'capacity': 0.0, 'availability': 90.0, 'profit_per_mwh_electricity': None}, 'industry_chp_ultra_supercritical_coal': {'profitability': 'unprofitable', 'full_load_hours': 0.0, 'position': 8, 'capacity': 9.314953271028036, 'availability': 90.0, 'profit_per_mwh_electricity': None}, 'industry_chp_wood_pellets': {'profitability': 'unprofitable', 'full_load_hours': 0.0, 'position': 15, 'capacity': 148.14550927233327, 'availability': 90.0, 'profit_per_mwh_electricity': None}}",{},"{'agriculture_chp_engine_network_gas_dispatchable': {'profitability': 'unprofitable', 'full_load_hours': 0.0, 'position': None, 'capacity': 0.0, 'availability': 95.0, 'profit_per_mwh_electricity': None}, 'agriculture_chp_wood_pellets': {'profitability': 'unprofitable', 'full_load_hours': 0.0, 'position': None, 'capacity': 0.0, 'availability': 91.0, 'profit_per_mwh_electricity': None}, 'energy_chp_combined_cycle_ht_network_gas': {'profitability': 'unprofitable', 'full_load_hours': 0.0, 'position': None, 'capacity': 0.0, 'availability': 90.0, 'profit_per_mwh_electricity': None}, 'energy_chp_combined_cycle_mt_network_gas': {'profitability': 'unprofitable', 'full_load_hours': 0.0, 'position': None, 'capacity': 0.0, 'availability': 90.0, 'profit_per_mwh_electricity': None}, 'energy_chp_local_engine_ht_network_gas': {'profitability': 'unprofitable', 'full_load_hours': 0.0, 'position': None, 'capacity': 0.0, 'availability': 95.0, 'profit_per_mwh_electricity': None}, 'energy_chp_local_engine_mt_network_gas': {'profitability': 'unprofitable', 'full_load_hours': 0.0, 'position': None, 'capacity': 0.0, 'availability': 95.0, 'profit_per_mwh_electricity': None}, 'energy_chp_local_ht_wood_pellets_ccs_dispatchable': {'profitability': 'unprofitable', 'full_load_hours': 0.0, 'position': None, 'capacity': 0.0, 'availability': 91.0, 'profit_per_mwh_electricity': None}, 'energy_chp_local_ht_wood_pellets_dispatchable': {'profitability': 'unprofitable', 'full_load_hours': 0.0, 'position': None, 'capacity': 0.0, 'availability': 91.0, 'profit_per_mwh_electricity': None}, 'energy_chp_local_mt_wood_pellets_ccs_dispatchable': {'profitability': 'unprofitable', 'full_load_hours': 0.0, 'position': None, 'capacity': 0.0, 'availability': 91.0, 'profit_per_mwh_electricity': None}, 'energy_chp_local_mt_wood_pellets_dispatchable': {'profitability': 'unprofitable', 'full_load_hours': 0.0, 'position': None, 'capacity': 0.0, 'availability': 91.0, 'profit_per_mwh_electricity': None}, 'energy_chp_supercritical_ccs_ht_waste_mix': {'profitability': 'unprofitable', 'full_load_hours': 0.0, 'position': None, 'capacity': 0.0, 'availability': 90.0, 'profit_per_mwh_electricity': None}, 'energy_chp_supercritical_ccs_mt_waste_mix': {'profitability': 'unprofitable', 'full_load_hours': 0.0, 'position': None, 'capacity': 0.0, 'availability': 90.0, 'profit_per_mwh_electricity': None}, 'energy_chp_supercritical_ht_waste_mix': {'profitability': 'unprofitable', 'full_load_hours': 0.0, 'position': 2, 'capacity': 269.5043027081751, 'availability': 90.0, 'profit_per_mwh_electricity': None}, 'energy_chp_supercritical_mt_waste_mix': {'profitability': 'unprofitable', 'full_load_hours': 0.0, 'position': None, 'capacity': 0.0, 'availability': 90.0, 'profit_per_mwh_electricity': None}, 'energy_chp_ultra_supercritical_cofiring_ht_coal': {'profitability': 'unprofitable', 'full_load_hours': 0.0, 'position': None, 'capacity': 0.0, 'availability': 90.0, 'profit_per_mwh_electricity': None}, 'energy_chp_ultra_supercritical_cofiring_mt_coal': {'profitability': 'unprofitable', 'full_load_hours': 0.0, 'position': None, 'capacity': 0.0, 'availability': 90.0, 'profit_per_mwh_electricity': None}, 'energy_chp_ultra_supercritical_ht_coal': {'profitability': 'unprofitable', 'full_load_hours': 0.0, 'position': None, 'capacity': 0.0, 'availability': 90.0, 'profit_per_mwh_electricity': None}, 'energy_chp_ultra_supercritical_ht_lignite': {'profitability': 'unprofitable', 'full_load_hours': 0.0, 'position': None, 'capacity': 0.0, 'availability': 90.0, 'profit_per_mwh_electricity': None}, 'energy_chp_ultra_supercritical_mt_coal': {'profitability': 'unprofitable', 'full_load_hours': 0.0, 'position': None, 'capacity': 0.0, 'availability': 90.0, 'profit_per_mwh_electricity': None}, 'energy_chp_ultra_supercritical_mt_lignite': {'profitability': 'unprofitable', 'full_load_hours': 0.0, 'position': None, 'capacity': 0.0, 'availability': 90.0, 'profit_per_mwh_electricity': None}, 'energy_power_combined_cycle_ccs_coal': {'profitability': 'unprofitable', 'full_load_hours': 0.0, 'position': None, 'capacity': 0.0, 'availability': 83.0, 'profit_per_mwh_electricity': None}, 'energy_power_combined_cycle_ccs_network_gas': {'profitability': 'unprofitable', 'full_load_hours': 0.0, 'position': None, 'capacity': 0.0, 'availability': 87.0, 'profit_per_mwh_electricity': None}, 'energy_power_combined_cycle_coal': {'profitability': 'unprofitable', 'full_load_hours': 0.0, 'position': 4, 'capacity': 139.013, 'availability': 85.0, 'profit_per_mwh_electricity': None}, 'energy_power_combined_cycle_hydrogen': {'profitability': 'unprofitable', 'full_load_hours': 0.0, 'position': None, 'capacity': 0.0, 'availability': 90.0, 'profit_per_mwh_electricity': None}, 'energy_power_combined_cycle_network_gas': {'profitability': 'unprofitable', 'full_load_hours': 0.0, 'position': 6, 'capacity': 47104.03400000001, 'availability': 90.0, 'profit_per_mwh_electricity': None}, 'energy_power_engine_diesel': {'profitability': 'unprofitable', 'full_load_hours': 0.0, 'position': None, 'capacity': 0.0, 'availability': 95.0, 'profit_per_mwh_electricity': None}, 'energy_power_engine_network_gas': {'profitability': 'unprofitable', 'full_load_hours': 0.0, 'position': 10, 'capacity': 41492.492, 'availability': 95.0, 'profit_per_mwh_electricity': None}, 'energy_power_hydro_mountain': {'profitability': 'unprofitable', 'full_load_hours': 1654.4170646442954, 'position': 1, 'capacity': 4919.646, 'availability': 51.0, 'profit_per_mwh_electricity': -35.965023205057996}, 'energy_power_nuclear_gen2_uranium_oxide': {'profitability': None, 'full_load_hours': 6070.001501, 'position': None, 'capacity': 9255.999999280542, 'availability': 89.0, 'profit_per_mwh_electricity': None}, 'energy_power_nuclear_gen3_uranium_oxide': {'profitability': None, 'full_load_hours': 8000.0, 'position': None, 'capacity': 25540.539, 'availability': 92.0, 'profit_per_mwh_electricity': None}, 'energy_power_nuclear_small_modular_reactor_uranium_oxide': {'profitability': 'unprofitable', 'full_load_hours': 0.0, 'position': None, 'capacity': 0.0, 'availability': 90.0, 'profit_per_mwh_electricity': None}, 'energy_power_supercritical_ccs_waste_mix': {'profitability': 'unprofitable', 'full_load_hours': 0.0, 'position': None, 'capacity': 0.0, 'availability': 90.0, 'profit_per_mwh_electricity': None}, 'energy_power_supercritical_coal': {'profitability': 'unprofitable', 'full_load_hours': 0.0, 'position': 11, 'capacity': 658.584, 'availability': 89.0, 'profit_per_mwh_electricity': None}, 'energy_power_supercritical_waste_mix': {'profitability': 'unprofitable', 'full_load_hours': 0.0, 'position': 3, 'capacity': 7327.245999999999, 'availability': 90.0, 'profit_per_mwh_electricity': None}, 'energy_power_turbine_hydrogen': {'profitability': 'unprofitable', 'full_load_hours': 0.0, 'position': None, 'capacity': 0.0, 'availability': 90.0, 'profit_per_mwh_electricity': None}, 'energy_power_turbine_network_gas': {'profitability': 'unprofitable', 'full_load_hours': 0.0, 'position': 13, 'capacity': 37609.734, 'availability': 90.0, 'profit_per_mwh_electricity': None}, 'energy_power_ultra_supercritical_ccs_coal': {'profitability': 'unprofitable', 'full_load_hours': 0.0, 'position': None, 'capacity': 0.0, 'availability': 87.0, 'profit_per_mwh_electricity': None}, 'energy_power_ultra_supercritical_coal': {'profitability': 'unprofitable', 'full_load_hours': 0.0, 'position': 5, 'capacity': 503.66600000000005, 'availability': 90.0, 'profit_per_mwh_electricity': None}, 'energy_power_ultra_supercritical_cofiring_coal': {'profitability': 'unprofitable', 'full_load_hours': 0.0, 'position': 12, 'capacity': 736.807, 'availability': 90.0, 'profit_per_mwh_electricity': None}, 'energy_power_ultra_supercritical_crude_oil': {'profitability': 'unprofitable', 'full_load_hours': 0.0, 'position': 16, 'capacity': 694.8000000514934, 'availability': 89.0, 'profit_per_mwh_electricity': None}, 'energy_power_ultra_supercritical_lignite': {'profitability': 'unprofitable', 'full_load_hours': 0.0, 'position': None, 'capacity': 0.0, 'availability': 90.0, 'profit_per_mwh_electricity': None}, 'energy_power_ultra_supercritical_network_gas': {'profitability': 'unprofitable', 'full_load_hours': 0.0, 'position': 9, 'capacity': 33763.00000213704, 'availability': 90.0, 'profit_per_mwh_electricity': None}, 'energy_power_ultra_supercritical_oxyfuel_ccs_lignite': {'profitability': 'unprofitable', 'full_load_hours': 0.0, 'position': None, 'capacity': 0.0, 'availability': 87.0, 'profit_per_mwh_electricity': None}, 'energy_power_wood_pellets_ccs_dispatchable': {'profitability': 'unprofitable', 'full_load_hours': 0.0, 'position': None, 'capacity': 0.0, 'availability': 90.0, 'profit_per_mwh_electricity': None}, 'energy_power_wood_pellets_dispatchable': {'profitability': 'unprofitable', 'full_load_hours': 0.0, 'position': 14, 'capacity': 2794.492, 'availability': 90.0, 'profit_per_mwh_electricity': None}, 'industry_chp_combined_cycle_gas_power_fuelmix': {'profitability': 'unprofitable', 'full_load_hours': 0.0, 'position': 7, 'capacity': 11266.314496684754, 'availability': 90.0, 'profit_per_mwh_electricity': None}, 'industry_chp_engine_gas_power_fuelmix': {'profitability': 'unprofitable', 'full_load_hours': 0.0, 'position': None, 'capacity': 0.0, 'availability': 95.0, 'profit_per_mwh_electricity': None}, 'industry_chp_turbine_gas_power_fuelmix': {'profitability': 'unprofitable', 'full_load_hours': 0.0, 'position': None, 'capacity': 0.0, 'availability': 90.0, 'profit_per_mwh_electricity': None}, 'industry_chp_turbine_hydrogen': {'profitability': 'unprofitable', 'full_load_hours': 0.0, 'position': None, 'capacity': 0.0, 'availability': 90.0, 'profit_per_mwh_electricity': None}, 'industry_chp_ultra_supercritical_coal': {'profitability': 'unprofitable', 'full_load_hours': 0.0, 'position': 8, 'capacity': 9.314953271028036, 'availability': 90.0, 'profit_per_mwh_electricity': None}, 'industry_chp_wood_pellets': {'profitability': 'unprofitable', 'full_load_hours': 0.0, 'position': 15, 'capacity': 148.14550927233327, 'availability': 90.0, 'profit_per_mwh_electricity': None}}","{'agriculture_chp_engine_network_gas_dispatchable': {'profitability': 'unprofitable', 'full_load_hours': 0.0, 'position': None, 'capacity': 0.0, 'availability': 95.0, 'profit_per_mwh_electricity': None}, 'agriculture_chp_wood_pellets': {'profitability': 'unprofitable', 'full_load_hours': 0.0, 'position': None, 'capacity': 0.0, 'availability': 91.0, 'profit_per_mwh_electricity': None}, 'energy_chp_combined_cycle_ht_network_gas': {'profitability': 'unprofitable', 'full_load_hours': 0.0, 'position': None, 'capacity': 0.0, 'availability': 90.0, 'profit_per_mwh_electricity': None}, 'energy_chp_combined_cycle_mt_network_gas': {'profitability': 'unprofitable', 'full_load_hours': 0.0, 'position': None, 'capacity': 0.0, 'availability': 90.0, 'profit_per_mwh_electricity': None}, 'energy_chp_local_engine_ht_network_gas': {'profitability': 'unprofitable', 'full_load_hours': 0.0, 'position': None, 'capacity': 0.0, 'availability': 95.0, 'profit_per_mwh_electricity': None}, 'energy_chp_local_engine_mt_network_gas': {'profitability': 'unprofitable', 'full_load_hours': 0.0, 'position': None, 'capacity': 0.0, 'availability': 95.0, 'profit_per_mwh_electricity': None}, 'energy_chp_local_ht_wood_pellets_ccs_dispatchable': {'profitability': 'unprofitable', 'full_load_hours': 0.0, 'position': None, 'capacity': 0.0, 'availability': 91.0, 'profit_per_mwh_electricity': None}, 'energy_chp_local_ht_wood_pellets_dispatchable': {'profitability': 'unprofitable', 'full_load_hours': 0.0, 'position': None, 'capacity': 0.0, 'availability': 91.0, 'profit_per_mwh_electricity': None}, 'energy_chp_local_mt_wood_pellets_ccs_dispatchable': {'profitability': 'unprofitable', 'full_load_hours': 0.0, 'position': None, 'capacity': 0.0, 'availability': 91.0, 'profit_per_mwh_electricity': None}, 'energy_chp_local_mt_wood_pellets_dispatchable': {'profitability': 'unprofitable', 'full_load_hours': 0.0, 'position': None, 'capacity': 0.0, 'availability': 91.0, 'profit_per_mwh_electricity': None}, 'energy_chp_supercritical_ccs_ht_waste_mix': {'profitability': 'unprofitable', 'full_load_hours': 0.0, 'position': None, 'capacity': 0.0, 'availability': 90.0, 'profit_per_mwh_electricity': None}, 'energy_chp_supercritical_ccs_mt_waste_mix': {'profitability': 'unprofitable', 'full_load_hours': 0.0, 'position': None, 'capacity': 0.0, 'availability': 90.0, 'profit_per_mwh_electricity': None}, 'energy_chp_supercritical_ht_waste_mix': {'profitability': 'unprofitable', 'full_load_hours': 0.0, 'position': 2, 'capacity': 269.5043027081751, 'availability': 90.0, 'profit_per_mwh_electricity': None}, 'energy_chp_supercritical_mt_waste_mix': {'profitability': 'unprofitable', 'full_load_hours': 0.0, 'position': None, 'capacity': 0.0, 'availability': 90.0, 'profit_per_mwh_electricity': None}, 'energy_chp_ultra_supercritical_cofiring_ht_coal': {'profitability': 'unprofitable', 'full_load_hours': 0.0, 'position': None, 'capacity': 0.0, 'availability': 90.0, 'profit_per_mwh_electricity': None}, 'energy_chp_ultra_supercritical_cofiring_mt_coal': {'profitability': 'unprofitable', 'full_load_hours': 0.0, 'position': None, 'capacity': 0.0, 'availability': 90.0, 'profit_per_mwh_electricity': None}, 'energy_chp_ultra_supercritical_ht_coal': {'profitability': 'unprofitable', 'full_load_hours': 0.0, 'position': None, 'capacity': 0.0, 'availability': 90.0, 'profit_per_mwh_electricity': None}, 'energy_chp_ultra_supercritical_ht_lignite': {'profitability': 'unprofitable', 'full_load_hours': 0.0, 'position': None, 'capacity': 0.0, 'availability': 90.0, 'profit_per_mwh_electricity': None}, 'energy_chp_ultra_supercritical_mt_coal': {'profitability': 'unprofitable', 'full_load_hours': 0.0, 'position': None, 'capacity': 0.0, 'availability': 90.0, 'profit_per_mwh_electricity': None}, 'energy_chp_ultra_supercritical_mt_lignite': {'profitability': 'unprofitable', 'full_load_hours': 0.0, 'position': None, 'capacity': 0.0, 'availability': 90.0, 'profit_per_mwh_electricity': None}, 'energy_power_combined_cycle_ccs_coal': {'profitability': 'unprofitable', 'full_load_hours': 0.0, 'position': None, 'capacity': 0.0, 'availability': 83.0, 'profit_per_mwh_electricity': None}, 'energy_power_combined_cycle_ccs_network_gas': {'profitability': 'unprofitable', 'full_load_hours': 0.0, 'position': None, 'capacity': 0.0, 'availability': 87.0, 'profit_per_mwh_electricity': None}, 'energy_power_combined_cycle_coal': {'profitability': 'unprofitable', 'full_load_hours': 0.0, 'position': 4, 'capacity': 477.09299999999996, 'availability': 85.0, 'profit_per_mwh_electricity': None}, 'energy_power_combined_cycle_hydrogen': {'profitability': 'unprofitable', 'full_load_hours': 0.0, 'position': None, 'capacity': 0.0, 'availability': 90.0, 'profit_per_mwh_electricity': None}, 'energy_power_combined_cycle_network_gas': {'profitability': 'unprofitable', 'full_load_hours': 0.0, 'position': 6, 'capacity': 15908.295000000004, 'availability': 90.0, 'profit_per_mwh_electricity': None}, 'energy_power_engine_diesel': {'profitability': 'unprofitable', 'full_load_hours': 0.0, 'position': None, 'capacity': 0.0, 'availability': 95.0, 'profit_per_mwh_electricity': None}, 'energy_power_engine_network_gas': {'profitability': 'unprofitable', 'full_load_hours': 0.0, 'position': 10, 'capacity': 17131.72, 'availability': 95.0, 'profit_per_mwh_electricity': None}, 'energy_power_hydro_mountain': {'profitability': 'unprofitable', 'full_load_hours': 192.73201216634507, 'position': 1, 'capacity': 5969.778, 'availability': 51.0, 'profit_per_mwh_electricity': -321.5673279729121}, 'energy_power_nuclear_gen2_uranium_oxide': {'profitability': None, 'full_load_hours': 6070.001501, 'position': None, 'capacity': 9255.999999280542, 'availability': 89.0, 'profit_per_mwh_electricity': None}, 'energy_power_nuclear_gen3_uranium_oxide': {'profitability': None, 'full_load_hours': 8000.0, 'position': None, 'capacity': 66372.69, 'availability': 92.0, 'profit_per_mwh_electricity': None}, 'energy_power_nuclear_small_modular_reactor_uranium_oxide': {'profitability': 'unprofitable', 'full_load_hours': 0.0, 'position': None, 'capacity': 0.0, 'availability': 90.0, 'profit_per_mwh_electricity': None}, 'energy_power_supercritical_ccs_waste_mix': {'profitability': 'unprofitable', 'full_load_hours': 0.0, 'position': None, 'capacity': 0.0, 'availability': 90.0, 'profit_per_mwh_electricity': None}, 'energy_power_supercritical_coal': {'profitability': 'unprofitable', 'full_load_hours': 0.0, 'position': 11, 'capacity': 531.053, 'availability': 89.0, 'profit_per_mwh_electricity': None}, 'energy_power_supercritical_waste_mix': {'profitability': 'unprofitable', 'full_load_hours': 0.0, 'position': 3, 'capacity': 1350.7069999999999, 'availability': 90.0, 'profit_per_mwh_electricity': None}, 'energy_power_turbine_hydrogen': {'profitability': 'unprofitable', 'full_load_hours': 0.0, 'position': None, 'capacity': 0.0, 'availability': 90.0, 'profit_per_mwh_electricity': None}, 'energy_power_turbine_network_gas': {'profitability': 'unprofitable', 'full_load_hours': 0.0, 'position': 13, 'capacity': 56234.064, 'availability': 90.0, 'profit_per_mwh_electricity': None}, 'energy_power_ultra_supercritical_ccs_coal': {'profitability': 'unprofitable', 'full_load_hours': 0.0, 'position': None, 'capacity': 0.0, 'availability': 87.0, 'profit_per_mwh_electricity': None}, 'energy_power_ultra_supercritical_coal': {'profitability': 'unprofitable', 'full_load_hours': 0.0, 'position': 5, 'capacity': 215.768, 'availability': 90.0, 'profit_per_mwh_electricity': None}, 'energy_power_ultra_supercritical_cofiring_coal': {'profitability': 'unprofitable', 'full_load_hours': 0.0, 'position': 12, 'capacity': 492.71600000000007, 'availability': 90.0, 'profit_per_mwh_electricity': None}, 'energy_power_ultra_supercritical_crude_oil': {'profitability': 'unprofitable', 'full_load_hours': 0.0, 'position': 16, 'capacity': 694.8000000514934, 'availability': 89.0, 'profit_per_mwh_electricity': None}, 'energy_power_ultra_supercritical_lignite': {'profitability': 'unprofitable', 'full_load_hours': 0.0, 'position': None, 'capacity': 0.0, 'availability': 90.0, 'profit_per_mwh_electricity': None}, 'energy_power_ultra_supercritical_network_gas': {'profitability': 'unprofitable', 'full_load_hours': 0.0, 'position': 9, 'capacity': 33763.00000213704, 'availability': 90.0, 'profit_per_mwh_electricity': None}, 'energy_power_ultra_supercritical_oxyfuel_ccs_lignite': {'profitability': 'unprofitable', 'full_load_hours': 0.0, 'position': None, 'capacity': 0.0, 'availability': 87.0, 'profit_per_mwh_electricity': None}, 'energy_power_wood_pellets_ccs_dispatchable': {'profitability': 'unprofitable', 'full_load_hours': 0.0, 'position': None, 'capacity': 0.0, 'availability': 90.0, 'profit_per_mwh_electricity': None}, 'energy_power_wood_pellets_dispatchable': {'profitability': 'unprofitable', 'full_load_hours': 0.0, 'position': 14, 'capacity': 2489.085, 'availability': 90.0, 'profit_per_mwh_electricity': None}, 'industry_chp_combined_cycle_gas_power_fuelmix': {'profitability': 'unprofitable', 'full_load_hours': 0.0, 'position': 7, 'capacity': 11266.314496684754, 'availability': 90.0, 'profit_per_mwh_electricity': None}, 'industry_chp_engine_gas_power_fuelmix': {'profitability': 'unprofitable', 'full_load_hours': 0.0, 'position': None, 'capacity': 0.0, 'availability': 95.0, 'profit_per_mwh_electricity': None}, 'industry_chp_turbine_gas_power_fuelmix': {'profitability': 'unprofitable', 'full_load_hours': 0.0, 'position': None, 'capacity': 0.0, 'availability': 90.0, 'profit_per_mwh_electricity': None}, 'industry_chp_turbine_hydrogen': {'profitability': 'unprofitable', 'full_load_hours': 0.0, 'position': None, 'capacity': 0.0, 'availability': 90.0, 'profit_per_mwh_electricity': None}, 'industry_chp_ultra_supercritical_coal': {'profitability': 'unprofitable', 'full_load_hours': 0.0, 'position': 8, 'capacity': 9.314953271028036, 'availability': 90.0, 'profit_per_mwh_electricity': None}, 'industry_chp_wood_pellets': {'profitability': 'unprofitable', 'full_load_hours': 0.0, 'position': 15, 'capacity': 148.14550927233327, 'availability': 90.0, 'profit_per_mwh_electricity': None}}",hash
dashboard_reduction_of_co2_emissions_versus_1990,-0.522111363622059,0,-0.4107224589088263,-0.4870383437266227,factor
dashboard_reduction_of_local_co2_emissions_versus_1990,-0.522111363622059,0,-0.4107224589088263,-0.4870383437266227,factor
dashboard_renewability,0.27924750792103753,0,0.16369679425277842,0.2103700223543543,factor
dashboard_renewability_households,0.4197436210048767,0,0.2096620267147294,0.4534824830727526,factor
dashboard_security_of_supply,0,0,0,0,hours
dashboard_share_of_curtailment_in_inflexible_production,0.6325569110592411,0,0.3513636165905038,0.46131681485141435,%
dashboard_share_of_renewable_electricity,2.8200840738826236,0,1.596162036978465,1.2311005330790632,factor
dashboard_total_costs,558.2356246131444,0,383.0121702087964,490.5335948551769,bln_euro
dashboard_total_curtailment,3729185042918.2754,0,939405589500.7223,1811125888829.391,MJ
dashboard_total_number_of_excess_events,8760,0,8579,8756,#
lv_net_peak_load_future,165407.1700681154,36559.73806493923,118360.14440613716,112421.06104809907,MW
