input,sample_0,sample_1,sample_2,sample_3,sample_4,sample_5,sample_6,sample_7,sample_8,sample_9
households_number_of_inhabitants,78.0,78.0,78.0,78.0,78.0,78.0,78.0,78.0,78.0,78.0
households_number_of_apartments_future,1250000.0,1250000.0,1250000.0,1250000.0,1250000.0,1250000.0,1250000.0,1250000.0,1250000.0,1250000.0
households_number_of_apartments_2005_present,390881.0,390881.0,390881.0,390881.0,390881.0,390881.0,390881.0,390881.0,390881.0,390881.0
households_number_of_apartments_1985_2004,365737.0,365737.0,365737.0,365737.0,365737.0,365737.0,365737.0,365737.0,365737.0,365737.0
households_number_of_apartments_1965_1984,463194.0,463194.0,463194.0,463194.0,463194.0,463194.0,463194.0,463194.0,463194.0,463194.0
households_number_of_apartments_1945_1964,202111.0,202111.0,202111.0,202111.0,202111.0,202111.0,202111.0,202111.0,202111.0,202111.0
households_number_of_apartments_before_1945,596642.0,596642.0,596642.0,596642.0,596642.0,596642.0,596642.0,596642.0,596642.0,596642.0
households_number_of_detached_houses_future,1700000.0,1700000.0,1700000.0,1700000.0,1700000.0,1700000.0,1700000.0,1700000.0,1700000.0,1700000.0
households_number_of_detached_houses_2005_present,5082495.0,5082495.0,5082495.0,5082495.0,5082495.0,5082495.0,5082495.0,5082495.0,5082495.0,5082495.0
households_number_of_detached_houses_1985_2004,4053141.0,4053141.0,4053141.0,4053141.0,4053141.0,4053141.0,4053141.0,4053141.0,4053141.0,4053141.0
households_number_of_detached_houses_1965_1984,5122637.0,5122637.0,5122637.0,5122637.0,5122637.0,5122637.0,5122637.0,5122637.0,5122637.0,5122637.0
households_number_of_detached_houses_1945_1964,2521224.0,2521224.0,2521224.0,2521224.0,2521224.0,2521224.0,2521224.0,2521224.0,2521224.0,2521224.0
households_number_of_detached_houses_before_1945,7117023.0,7117023.0,7117023.0,7117023.0,7117023.0,7117023.0,7117023.0,7117023.0,7117023.0,7117023.0
households_number_of_terraced_houses_future,1700000.0,1700000.0,1700000.0,1700000.0,1700000.0,1700000.0,1700000.0,1700000.0,1700000.0,1700000.0
households_number_of_terraced_houses_2005_present,761234.0,761234.0,761234.0,761234.0,761234.0,761234.0,761234.0,761234.0,761234.0,761234.0
households_number_of_terraced_houses_1985_2004,853832.0,853832.0,853832.0,853832.0,853832.0,853832.0,853832.0,853832.0,853832.0,853832.0
households_number_of_terraced_houses_1965_1984,985946.0,985946.0,985946.0,985946.0,985946.0,985946.0,985946.0,985946.0,985946.0,985946.0
households_number_of_terraced_houses_1945_1964,272300.0,272300.0,272300.0,272300.0,272300.0,272300.0,272300.0,272300.0,272300.0,272300.0
households_number_of_terraced_houses_before_1945,1600165.0,1600165.0,1600165.0,1600165.0,1600165.0,1600165.0,1600165.0,1600165.0,1600165.0,1600165.0
households_water_heater_solar_thermal_share,3.2,3.2,3.2,3.2,3.2,3.2,3.2,3.2,3.2,3.2
households_heater_combined_hydrogen_share,0.0,0.0,0.0,0.0,0.0,0.0,0.0,0.0,0.0,0.0
households_heater_district_heating_ht_steam_hot_water_share,0.0,0.0,0.0,0.0,0.0,0.0,0.0,0.0,0.0,0.0
households_heater_district_heating_mt_steam_hot_water_share,0.0,0.0,0.0,0.0,0.0,0.0,0.0,0.0,0.0,0.0
households_heater_district_heating_lt_steam_hot_water_share,0.0,0.0,0.0,0.0,0.0,0.0,0.0,0.0,0.0,0.0
households_heater_heatpump_surface_water_water_ts_electricity_share,0.0,0.0,0.0,0.0,0.0,0.0,0.0,0.0,0.0,0.0
households_heater_hybrid_hydrogen_heatpump_air_water_electricity_share,0.0,0.0,0.0,0.0,0.0,0.0,0.0,0.0,0.0,0.0
households_heater_hybrid_crude_oil_heatpump_air_water_electricity_share,0.0,0.0,0.0,0.0,0.0,0.0,0.0,0.0,0.0,0.0
households_heater_heatpump_pvt_electricity_share,0.0,0.0,0.0,0.0,0.0,0.0,0.0,0.0,0.0,0.0
households_heater_network_gas_share,0.0,0.0,0.0,0.0,0.0,0.0,0.0,0.0,0.0,0.0
households_heater_crude_oil_share,0.0,0.0,0.0,0.0,0.0,0.0,0.0,0.0,0.0,0.0
households_heater_coal_share,0.0,0.0,0.0,0.0,0.0,0.0,0.0,0.0,0.0,0.0
households_cooling_heatpump_surface_water_water_ts_electricity_share,0.0,0.0,0.0,0.0,0.0,0.0,0.0,0.0,0.0,0.0
households_cooker_resistive_electricity_share,10.0,10.0,10.0,10.0,10.0,10.0,10.0,10.0,10.0,10.0
households_cooker_halogen_electricity_share,0.0,0.0,0.0,0.0,0.0,0.0,0.0,0.0,0.0,0.0
households_cooker_wood_pellets_share,1.0,1.0,1.0,1.0,1.0,1.0,1.0,1.0,1.0,1.0
households_lighting_incandescent_electricity_share,2.0,2.0,2.0,2.0,2.0,2.0,2.0,2.0,2.0,2.0
households_lighting_efficient_fluorescent_electricity_share,3.0,3.0,3.0,3.0,3.0,3.0,3.0,3.0,3.0,3.0
households_lighting_led_electricity_share,95.0,95.0,95.0,95.0,95.0,95.0,95.0,95.0,95.0,95.0
households_heater_coal_heat_output_capacity,9.9,9.9,9.9,9.9,9.9,9.9,9.9,9.9,9.9,9.9
households_heater_crude_oil_heat_output_capacity,10.5,10.5,10.5,10.5,10.5,10.5,10.5,10.5,10.5,10.5
households_heater_network_gas_heat_output_capacity,22.0,22.0,22.0,22.0,22.0,22.0,22.0,22.0,22.0,22.0
households_heater_combined_network_gas_heat_output_capacity,22.0,22.0,22.0,22.0,22.0,22.0,22.0,22.0,22.0,22.0
households_heater_combined_hydrogen_heat_output_capacity,22.0,22.0,22.0,22.0,22.0,22.0,22.0,22.0,22.0,22.0
households_heater_wood_pellets_heat_output_capacity,10.1,10.1,10.1,10.1,10.1,10.1,10.1,10.1,10.1,10.1
households_heater_electricity_heat_output_capacity,6.0,6.0,6.0,6.0,6.0,6.0,6.0,6.0,6.0,6.0
households_heater_heatpump_air_water_electricity_heat_output_capacity,10.0,10.0,10.0,10.0,10.0,10.0,10.0,10.0,10.0,10.0
households_heater_heatpump_ground_water_electricity_heat_output_capacity,10.0,10.0,10.0,10.0,10.0,10.0,10.0,10.0,10.0,10.0
households_heater_heatpump_surface_water_water_ts_electricity_heat_output_capacity,10.0,10.0,10.0,10.0,10.0,10.0,10.0,10.0,10.0,10.0
households_heater_heatpump_pvt_electricity_heat_output_capacity,7.8,7.8,7.8,7.8,7.8,7.8,7.8,7.8,7.8,7.8
households_heater_district_heating_lt_steam_hot_water_heat_output_capacity,10.0,10.0,10.0,10.0,10.0,10.0,10.0,10.0,10.0,10.0
households_heater_district_heating_mt_steam_hot_water_heat_output_capacity,10.0,10.0,10.0,10.0,10.0,10.0,10.0,10.0,10.0,10.0
households_heater_district_heating_ht_steam_hot_water_heat_output_capacity,10.0,10.0,10.0,10.0,10.0,10.0,10.0,10.0,10.0,10.0
households_heater_hybrid_heattpump_air_water_electricity_heat_output_capacity,4.9,4.9,4.9,4.9,4.9,4.9,4.9,4.9,4.9,4.9
households_heater_hybrid_hydrogen_heatpump_air_water_electricity_heat_output_capacity,4.9,4.9,4.9,4.9,4.9,4.9,4.9,4.9,4.9,4.9
households_heater_hybrid_crude_oil_heatpump_air_water_electricity_heat_output_capacity,12.2,12.2,12.2,12.2,12.2,12.2,12.2,12.2,12.2,12.2
buildings_space_heater_solar_thermal_share,0.0,0.0,0.0,0.0,0.0,0.0,0.0,0.0,0.0,0.0
buildings_space_heater_combined_hydrogen_share,0.0,0.0,0.0,0.0,0.0,0.0,0.0,0.0,0.0,0.0
buildings_space_heater_district_heating_ht_steam_hot_water_share,0.0,0.0,0.0,0.0,0.0,0.0,0.0,0.0,0.0,0.0
buildings_space_heater_district_heating_mt_steam_hot_water_share,0.0,0.0,0.0,0.0,0.0,0.0,0.0,0.0,0.0,0.0
buildings_space_heater_district_heating_lt_steam_hot_water_share,0.0,0.0,0.0,0.0,0.0,0.0,0.0,0.0,0.0,0.0
buildings_space_heater_heatpump_air_water_network_gas_share,0.0,0.0,0.0,0.0,0.0,0.0,0.0,0.0,0.0,0.0
buildings_space_heater_hybrid_hydrogen_heatpump_air_water_electricity_share,0.0,0.0,0.0,0.0,0.0,0.0,0.0,0.0,0.0,0.0
buildings_space_heater_hybrid_crude_oil_heatpump_air_water_electricity_share,0.0,0.0,0.0,0.0,0.0,0.0,0.0,0.0,0.0,0.0
buildings_space_heater_heatpump_surface_water_water_ts_electricity_share,0.0,0.0,0.0,0.0,0.0,0.0,0.0,0.0,0.0,0.0
buildings_space_heater_crude_oil_share,0.0,0.0,0.0,0.0,0.0,0.0,0.0,0.0,0.0,0.0
buildings_space_heater_coal_share,0.0,0.0,0.0,0.0,0.0,0.0,0.0,0.0,0.0,0.0
buildings_cooling_heatpump_air_water_network_gas_share,0.0,0.0,0.0,0.0,0.0,0.0,0.0,0.0,0.0,0.0
buildings_cooling_heatpump_air_water_electricity_share,0.0,0.0,0.0,0.0,0.0,0.0,0.0,0.0,0.0,0.0
buildings_cooling_collective_heatpump_water_water_ts_electricity_share,0.0,0.0,0.0,0.0,0.0,0.0,0.0,0.0,0.0,0.0
buildings_cooling_heatpump_surface_water_water_ts_electricity_share,0.0,0.0,0.0,0.0,0.0,0.0,0.0,0.0,0.0,0.0
buildings_cooling_airconditioning_share,0.0,0.0,0.0,0.0,0.0,0.0,0.0,0.0,0.0,0.0
buildings_lighting_standard_fluorescent_electricity_share,2.0,2.0,2.0,2.0,2.0,2.0,2.0,2.0,2.0,2.0
buildings_lighting_efficient_fluorescent_electricity_share,11.0,11.0,11.0,11.0,11.0,11.0,11.0,11.0,11.0,11.0
buildings_lighting_led_electricity_share,87.0,87.0,87.0,87.0,87.0,87.0,87.0,87.0,87.0,87.0
buildings_lighting_savings_from_motion_detection_light,50.0,50.0,50.0,50.0,50.0,50.0,50.0,50.0,50.0,50.0
buildings_lighting_savings_from_daylight_control_light,50.0,50.0,50.0,50.0,50.0,50.0,50.0,50.0,50.0,50.0
transport_trams_share,0.7,0.7,0.7,0.7,0.7,0.7,0.7,0.7,0.7,0.7
transport_busses_share,3.4,3.4,3.4,3.4,3.4,3.4,3.4,3.4,3.4,3.4
transport_motorcycles_share,0.8,0.8,0.8,0.8,0.8,0.8,0.8,0.8,0.8,0.8
transport_bicycles_share,0.0,0.0,0.0,0.0,0.0,0.0,0.0,0.0,0.0,0.0
transport_planes_share,1.2,1.2,1.2,1.2,1.2,1.2,1.2,1.2,1.2,1.2
transport_car_using_hydrogen_share,0.0,0.0,0.0,0.0,0.0,0.0,0.0,0.0,0.0,0.0
transport_car_using_diesel_mix_share,0.0,0.0,0.0,0.0,0.0,0.0,0.0,0.0,0.0,0.0
transport_car_using_lpg_share,0.0,0.0,0.0,0.0,0.0,0.0,0.0,0.0,0.0,0.0
transport_car_using_compressed_natural_gas_share,0.0,0.0,0.0,0.0,0.0,0.0,0.0,0.0,0.0,0.0
transport_passenger_train_using_hydrogen_share,0.0,0.0,0.0,0.0,0.0,0.0,0.0,0.0,0.0,0.0
transport_passenger_train_using_coal_share,0.0,0.0,0.0,0.0,0.0,0.0,0.0,0.0,0.0,0.0
transport_bus_using_hydrogen_share,0.0,0.0,0.0,0.0,0.0,0.0,0.0,0.0,0.0,0.0
transport_bus_using_gasoline_mix_share,0.0,0.0,0.0,0.0,0.0,0.0,0.0,0.0,0.0,0.0
transport_bus_using_lng_share,0.0,0.0,0.0,0.0,0.0,0.0,0.0,0.0,0.0,0.0
transport_bus_using_compressed_natural_gas_share,0.0,0.0,0.0,0.0,0.0,0.0,0.0,0.0,0.0,0.0
transport_motorcycle_using_gasoline_mix_share,0.0,0.0,0.0,0.0,0.0,0.0,0.0,0.0,0.0,0.0
transport_motorcycle_using_electricity_share,0.0,0.0,0.0,0.0,0.0,0.0,0.0,0.0,0.0,0.0
transport_bicycle_using_human_power_share,75.0,75.0,75.0,75.0,75.0,75.0,75.0,75.0,75.0,75.0
transport_bicycle_using_electricity_share,25.0,25.0,25.0,25.0,25.0,25.0,25.0,25.0,25.0,25.0
transport_plane_using_kerosene_share,100.0,100.0,100.0,100.0,100.0,100.0,100.0,100.0,100.0,100.0
transport_plane_using_gasoline_share,0.0,0.0,0.0,0.0,0.0,0.0,0.0,0.0,0.0,0.0
transport_plane_using_bio_ethanol_share,0.0,0.0,0.0,0.0,0.0,0.0,0.0,0.0,0.0,0.0
transport_plane_using_hydrogen_share,0.0,0.0,0.0,0.0,0.0,0.0,0.0,0.0,0.0,0.0
transport_plane_using_electricity_share,0.0,0.0,0.0,0.0,0.0,0.0,0.0,0.0,0.0,0.0
transport_useful_demand_freight_tonne_kms,1.0,1.0,1.0,1.0,1.0,1.0,1.0,1.0,1.0,1.0
transport_trucks_share,52.5,52.5,52.5,52.5,52.5,52.5,52.5,52.5,52.5,52.5
transport_freight_trains_share,18.0,18.0,18.0,18.0,18.0,18.0,18.0,18.0,18.0,18.0
transport_vans_share,17.5,17.5,17.5,17.5,17.5,17.5,17.5,17.5,17.5,17.5
transport_ships_share,12.0,12.0,12.0,12.0,12.0,12.0,12.0,12.0,12.0,12.0
transport_truck_using_hydrogen_share,0.0,0.0,0.0,0.0,0.0,0.0,0.0,0.0,0.0,0.0
transport_truck_using_gasoline_mix_share,0.0,0.0,0.0,0.0,0.0,0.0,0.0,0.0,0.0,0.0
transport_truck_using_lng_mix_share,0.0,0.0,0.0,0.0,0.0,0.0,0.0,0.0,0.0,0.0
transport_truck_using_compressed_natural_gas_share,0.0,0.0,0.0,0.0,0.0,0.0,0.0,0.0,0.0,0.0
transport_van_using_hydrogen_share,0.0,0.0,0.0,0.0,0.0,0.0,0.0,0.0,0.0,0.0
transport_van_using_gasoline_mix_share,0.0,0.0,0.0,0.0,0.0,0.0,0.0,0.0,0.0,0.0
transport_van_using_lpg_share,0.0,0.0,0.0,0.0,0.0,0.0,0.0,0.0,0.0,0.0
transport_van_using_compressed_natural_gas_share,0.0,0.0,0.0,0.0,0.0,0.0,0.0,0.0,0.0,0.0
transport_freight_train_using_electricity_share,75.0,75.0,75.0,75.0,75.0,75.0,75.0,75.0,75.0,75.0
transport_freight_train_using_hydrogen_share,0.0,0.0,0.0,0.0,0.0,0.0,0.0,0.0,0.0,0.0
transport_freight_train_using_diesel_mix_share,25.0,25.0,25.0,25.0,25.0,25.0,25.0,25.0,25.0,25.0
transport_ship_using_diesel_mix_share,51.0,51.0,51.0,51.0,51.0,51.0,51.0,51.0,51.0,51.0
transport_ship_using_lng_mix_share,30.0,30.0,30.0,30.0,30.0,30.0,30.0,30.0,30.0,30.0
transport_ship_using_hydrogen_share,0.0,0.0,0.0,0.0,0.0,0.0,0.0,0.0,0.0,0.0
transport_ship_using_electricity_share,1.0,1.0,1.0,1.0,1.0,1.0,1.0,1.0,1.0,1.0
transport_ship_using_ammonia_share,8.0,8.0,8.0,8.0,8.0,8.0,8.0,8.0,8.0,8.0
bunkers_allocated_percentage_aviation,0.0,0.0,0.0,0.0,0.0,0.0,0.0,0.0,0.0,0.0
bunkers_allocated_percentage_shipping,0.0,0.0,0.0,0.0,0.0,0.0,0.0,0.0,0.0,0.0
bunkers_useful_demand_planes,0.0,0.0,0.0,0.0,0.0,0.0,0.0,0.0,0.0,0.0
bunkers_useful_demand_ships,0.0,0.0,0.0,0.0,0.0,0.0,0.0,0.0,0.0,0.0
bunkers_aviation_using_kerosene_mix_share,100.0,100.0,100.0,100.0,100.0,100.0,100.0,100.0,100.0,100.0
bunkers_aviation_using_hydrogen_share,0.0,0.0,0.0,0.0,0.0,0.0,0.0,0.0,0.0,0.0
bunkers_aviation_using_electricity_share,0.0,0.0,0.0,0.0,0.0,0.0,0.0,0.0,0.0,0.0
bunkers_ship_using_heavy_fuel_oil_share,100.0,100.0,100.0,100.0,100.0,100.0,100.0,100.0,100.0,100.0
bunkers_ship_using_lng_share,0.0,0.0,0.0,0.0,0.0,0.0,0.0,0.0,0.0,0.0
bunkers_ship_using_hydrogen_share,0.0,0.0,0.0,0.0,0.0,0.0,0.0,0.0,0.0,0.0
bunkers_ship_using_ammonia_share,0.0,0.0,0.0,0.0,0.0,0.0,0.0,0.0,0.0,0.0
bunkers_ship_using_electricity_share,0.0,0.0,0.0,0.0,0.0,0.0,0.0,0.0,0.0,0.0
industry_steel_production,100.0,100.0,100.0,100.0,100.0,100.0,100.0,100.0,100.0,100.0
industry_steel_blastfurnace_bof_share,0.0,0.0,0.0,0.0,0.0,0.0,0.0,0.0,0.0,0.0
industry_steel_dri_network_gas_share,0.0,0.0,0.0,0.0,0.0,0.0,0.0,0.0,0.0,0.0
industry_steel_dri_hydrogen_share,0.0,0.0,0.0,0.0,0.0,0.0,0.0,0.0,0.0,0.0
industry_steel_cyclonefurnace_bof_share,0.0,0.0,0.0,0.0,0.0,0.0,0.0,0.0,0.0,0.0
industry_steel_scrap_hbi_eaf_share,100.0,100.0,100.0,100.0,100.0,100.0,100.0,100.0,100.0,100.0
industry_aluminium_production,100.0,100.0,100.0,100.0,100.0,100.0,100.0,100.0,100.0,100.0
industry_aluminium_electrolysis_current_electricity_share,0.0,0.0,0.0,0.0,0.0,0.0,0.0,0.0,0.0,0.0
industry_aluminium_electrolysis_bat_electricity_share,25.0,25.0,25.0,25.0,25.0,25.0,25.0,25.0,25.0,25.0
industry_aluminium_carbothermalreduction_electricity_share,0.0,0.0,0.0,0.0,0.0,0.0,0.0,0.0,0.0,0.0
industry_aluminium_smeltoven_electricity_share,75.0,75.0,75.0,75.0,75.0,75.0,75.0,75.0,75.0,75.0
industry_other_metals_production,100.0,100.0,100.0,100.0,100.0,100.0,100.0,100.0,100.0,100.0
industry_other_metals_process_electricity_efficiency,33.0,33.0,33.0,33.0,33.0,33.0,33.0,33.0,33.0,33.0
industry_other_metals_process_heat_useable_heat_efficiency,33.0,33.0,33.0,33.0,33.0,33.0,33.0,33.0,33.0,33.0
industry_useful_demand_for_chemical_refineries,50.0,50.0,50.0,50.0,50.0,50.0,50.0,50.0,50.0,50.0
industry_useful_demand_for_chemical_refineries_electricity_efficiency,33.0,33.0,33.0,33.0,33.0,33.0,33.0,33.0,33.0,33.0
industry_useful_demand_for_chemical_refineries_useable_heat_efficiency,33.0,33.0,33.0,33.0,33.0,33.0,33.0,33.0,33.0,33.0
industry_chemicals_refineries_burner_network_gas_share,33.3,33.3,33.3,33.3,33.3,33.3,33.3,33.3,33.3,33.3
industry_chemicals_refineries_burner_crude_oil_share,33.3,33.3,33.3,33.3,33.3,33.3,33.3,33.3,33.3,33.3
industry_chemicals_refineries_burner_wood_pellets_share,33.4,33.4,33.4,33.4,33.4,33.4,33.4,33.4,33.4,33.4
industry_chemicals_refineries_burner_coal_share,0.0,0.0,0.0,0.0,0.0,0.0,0.0,0.0,0.0,0.0
industry_chemicals_refineries_burner_hydrogen_share,0.0,0.0,0.0,0.0,0.0,0.0,0.0,0.0,0.0,0.0
capacity_of_industry_chemicals_refineries_flexibility_p2h_electricity,0.0,0.0,0.0,0.0,0.0,0.0,0.0,0.0,0.0,0.0
industry_useful_demand_for_chemical_fertilizers,100.0,100.0,100.0,100.0,100.0,100.0,100.0,100.0,100.0,100.0
industry_chemicals_fertilizers_local_ammonia_local_hydrogen_share,33.3,33.3,33.3,33.3,33.3,33.3,33.3,33.3,33.3,33.3
industry_chemicals_fertilizers_local_ammonia_central_hydrogen_share,33.3,33.3,33.3,33.3,33.3,33.3,33.3,33.3,33.3,33.3
industry_chemicals_fertilizers_steam_methane_reformer_hydrogen_share,33.4,33.4,33.4,33.4,33.4,33.4,33.4,33.4,33.4,33.4
industry_useful_demand_for_chemical_fertilizers_electricity_efficiency,33.0,33.0,33.0,33.0,33.0,33.0,33.0,33.0,33.0,33.0
industry_useful_demand_for_chemical_fertilizers_useable_heat_efficiency,33.0,33.0,33.0,33.0,33.0,33.0,33.0,33.0,33.0,33.0
industry_chemicals_fertilizers_burner_network_gas_share,50.0,50.0,50.0,50.0,50.0,50.0,50.0,50.0,50.0,50.0
industry_chemicals_fertilizers_burner_crude_oil_share,0.0,0.0,0.0,0.0,0.0,0.0,0.0,0.0,0.0,0.0
industry_chemicals_fertilizers_burner_wood_pellets_share,50.0,50.0,50.0,50.0,50.0,50.0,50.0,50.0,50.0,50.0
industry_chemicals_fertilizers_burner_coal_share,0.0,0.0,0.0,0.0,0.0,0.0,0.0,0.0,0.0,0.0
industry_chemicals_fertilizers_burner_hydrogen_share,0.0,0.0,0.0,0.0,0.0,0.0,0.0,0.0,0.0,0.0
capacity_of_industry_chemicals_fertilizers_flexibility_p2h_electricity,0.0,0.0,0.0,0.0,0.0,0.0,0.0,0.0,0.0,0.0
industry_useful_demand_for_chemical_other,100.0,100.0,100.0,100.0,100.0,100.0,100.0,100.0,100.0,100.0
industry_useful_demand_for_chemical_other_electricity_efficiency,33.0,33.0,33.0,33.0,33.0,33.0,33.0,33.0,33.0,33.0
industry_useful_demand_for_chemical_other_useable_heat_efficiency,33.0,33.0,33.0,33.0,33.0,33.0,33.0,33.0,33.0,33.0
industry_chemicals_other_burner_network_gas_share,25.0,25.0,25.0,25.0,25.0,25.0,25.0,25.0,25.0,25.0
industry_chemicals_other_burner_crude_oil_share,0.0,0.0,0.0,0.0,0.0,0.0,0.0,0.0,0.0,0.0
industry_chemicals_other_burner_coal_share,0.0,0.0,0.0,0.0,0.0,0.0,0.0,0.0,0.0,0.0
industry_chemicals_other_burner_wood_pellets_share,25.0,25.0,25.0,25.0,25.0,25.0,25.0,25.0,25.0,25.0
industry_chemicals_other_burner_hydrogen_share,0.0,0.0,0.0,0.0,0.0,0.0,0.0,0.0,0.0,0.0
industry_chemicals_other_heater_electricity_share,0.0,0.0,0.0,0.0,0.0,0.0,0.0,0.0,0.0,0.0
industry_chemicals_other_steam_recompression_electricity_share,25.0,25.0,25.0,25.0,25.0,25.0,25.0,25.0,25.0,25.0
industry_chemicals_other_heatpump_water_water_electricity_share,25.0,25.0,25.0,25.0,25.0,25.0,25.0,25.0,25.0,25.0
capacity_of_industry_chemicals_other_flexibility_p2h_electricity,0.0,0.0,0.0,0.0,0.0,0.0,0.0,0.0,0.0,0.0
industry_chemicals_other_wood_pellets_non_energetic_share,25.0,25.0,25.0,25.0,25.0,25.0,25.0,25.0,25.0,25.0
industry_chemicals_other_hydrogen_non_energetic_share,25.0,25.0,25.0,25.0,25.0,25.0,25.0,25.0,25.0,25.0
industry_chemicals_other_network_gas_non_energetic_share,25.0,25.0,25.0,25.0,25.0,25.0,25.0,25.0,25.0,25.0
industry_chemicals_other_crude_oil_non_energetic_share,25.0,25.0,25.0,25.0,25.0,25.0,25.0,25.0,25.0,25.0
industry_chemicals_other_coal_non_energetic_share,0.0,0.0,0.0,0.0,0.0,0.0,0.0,0.0,0.0,0.0
industry_useful_demand_for_other_ict,200.0,200.0,200.0,200.0,200.0,200.0,200.0,200.0,200.0,200.0
industry_useful_demand_for_other_ict_efficiency,33.0,33.0,33.0,33.0,33.0,33.0,33.0,33.0,33.0,33.0
industry_useful_demand_for_other_food,116.2,116.2,116.2,116.2,116.2,116.2,116.2,116.2,116.2,116.2
industry_useful_demand_for_other_food_electricity_efficiency,33.0,33.0,33.0,33.0,33.0,33.0,33.0,33.0,33.0,33.0
industry_useful_demand_for_other_food_useable_heat_efficiency,33.0,33.0,33.0,33.0,33.0,33.0,33.0,33.0,33.0,33.0
industry_other_food_burner_network_gas_share,33.3,33.3,33.3,33.3,33.3,33.3,33.3,33.3,33.3,33.3
industry_other_food_burner_crude_oil_share,0.0,0.0,0.0,0.0,0.0,0.0,0.0,0.0,0.0,0.0
industry_other_food_burner_coal_share,0.0,0.0,0.0,0.0,0.0,0.0,0.0,0.0,0.0,0.0
industry_other_food_burner_wood_pellets_share,33.3,33.3,33.3,33.3,33.3,33.3,33.3,33.3,33.3,33.3
industry_other_food_burner_hydrogen_share,0.0,0.0,0.0,0.0,0.0,0.0,0.0,0.0,0.0,0.0
industry_other_food_heater_electricity_share,33.3,33.3,33.3,33.3,33.3,33.3,33.3,33.3,33.3,33.3
capacity_of_industry_other_food_flexibility_p2h_electricity,0.0,0.0,0.0,0.0,0.0,0.0,0.0,0.0,0.0,0.0
industry_useful_demand_for_other_paper,100.0,100.0,100.0,100.0,100.0,100.0,100.0,100.0,100.0,100.0
industry_useful_demand_for_other_paper_electricity_efficiency,33.0,33.0,33.0,33.0,33.0,33.0,33.0,33.0,33.0,33.0
industry_useful_demand_for_other_paper_useable_heat_efficiency,33.0,33.0,33.0,33.0,33.0,33.0,33.0,33.0,33.0,33.0
industry_other_paper_burner_network_gas_share,33.3,33.3,33.3,33.3,33.3,33.3,33.3,33.3,33.3,33.3
industry_other_paper_burner_crude_oil_share,0.0,0.0,0.0,0.0,0.0,0.0,0.0,0.0,0.0,0.0
industry_other_paper_burner_coal_share,0.0,0.0,0.0,0.0,0.0,0.0,0.0,0.0,0.0,0.0
industry_other_paper_burner_wood_pellets_share,33.3,33.3,33.3,33.3,33.3,33.3,33.3,33.3,33.3,33.3
industry_other_paper_burner_hydrogen_share,0.0,0.0,0.0,0.0,0.0,0.0,0.0,0.0,0.0,0.0
industry_other_paper_heater_electricity_share,33.3,33.3,33.3,33.3,33.3,33.3,33.3,33.3,33.3,33.3
capacity_of_industry_other_paper_flexibility_p2h_electricity,0.0,0.0,0.0,0.0,0.0,0.0,0.0,0.0,0.0,0.0
industry_useful_demand_for_aggregated_other_energetic,100.0,100.0,100.0,100.0,100.0,100.0,100.0,100.0,100.0,100.0
industry_useful_demand_for_aggregated_other_non_energetic,100.0,100.0,100.0,100.0,100.0,100.0,100.0,100.0,100.0,100.0
industry_useful_demand_for_aggregated_other_electricity_efficiency,33.0,33.0,33.0,33.0,33.0,33.0,33.0,33.0,33.0,33.0
industry_useful_demand_for_aggregated_other_useable_heat_efficiency,33.0,33.0,33.0,33.0,33.0,33.0,33.0,33.0,33.0,33.0
industry_aggregated_other_industry_wood_pellets_share_energetic,20.0,20.0,20.0,20.0,20.0,20.0,20.0,20.0,20.0,20.0
industry_aggregated_other_industry_electricity_share,20.0,20.0,20.0,20.0,20.0,20.0,20.0,20.0,20.0,20.0
industry_aggregated_other_industry_crude_oil_share_energetic,20.0,20.0,20.0,20.0,20.0,20.0,20.0,20.0,20.0,20.0
industry_aggregated_other_industry_network_gas_share_energetic,20.0,20.0,20.0,20.0,20.0,20.0,20.0,20.0,20.0,20.0
industry_aggregated_other_industry_coal_share_energetic,0.0,0.0,0.0,0.0,0.0,0.0,0.0,0.0,0.0,0.0
industry_aggregated_other_industry_cokes_share_energetic,0.0,0.0,0.0,0.0,0.0,0.0,0.0,0.0,0.0,0.0
industry_aggregated_other_industry_useable_heat_share,20.0,20.0,20.0,20.0,20.0,20.0,20.0,20.0,20.0,20.0
industry_aggregated_other_industry_hydrogen_share_energetic,0.0,0.0,0.0,0.0,0.0,0.0,0.0,0.0,0.0,0.0
industry_aggregated_other_industry_wood_pellets_share_non_energetic,0.0,0.0,0.0,0.0,0.0,0.0,0.0,0.0,0.0,0.0
industry_aggregated_other_industry_crude_oil_share_non_energetic,100.0,100.0,100.0,100.0,100.0,100.0,100.0,100.0,100.0,100.0
industry_aggregated_other_industry_network_gas_share_non_energetic,0.0,0.0,0.0,0.0,0.0,0.0,0.0,0.0,0.0,0.0
industry_aggregated_other_industry_coal_share_non_energetic,0.0,0.0,0.0,0.0,0.0,0.0,0.0,0.0,0.0,0.0
industry_aggregated_other_industry_cokes_share_non_energetic,0.0,0.0,0.0,0.0,0.0,0.0,0.0,0.0,0.0,0.0
industry_aggregated_other_industry_hydrogen_share_non_energetic,0.0,0.0,0.0,0.0,0.0,0.0,0.0,0.0,0.0,0.0
capacity_of_industry_chp_combined_cycle_gas_power_fuelmix,50.0,50.0,50.0,50.0,50.0,50.0,50.0,50.0,50.0,50.0
capacity_of_industry_chp_turbine_gas_power_fuelmix,0.0,0.0,0.0,0.0,0.0,0.0,0.0,0.0,0.0,0.0
capacity_of_industry_chp_engine_gas_power_fuelmix,0.0,0.0,0.0,0.0,0.0,0.0,0.0,0.0,0.0,0.0
capacity_of_industry_chp_ultra_supercritical_coal,0.0,0.0,0.0,0.0,0.0,0.0,0.0,0.0,0.0,0.0
capacity_of_industry_chp_wood_pellets,50.0,50.0,50.0,50.0,50.0,50.0,50.0,50.0,50.0,50.0
capacity_of_industry_chp_turbine_hydrogen,0.0,0.0,0.0,0.0,0.0,0.0,0.0,0.0,0.0,0.0
capacity_of_industry_heat_burner_coal,0.0,0.0,0.0,0.0,0.0,0.0,0.0,0.0,0.0,0.0
capacity_of_industry_heat_burner_crude_oil,100.0,100.0,100.0,100.0,100.0,100.0,100.0,100.0,100.0,100.0
capacity_of_industry_heat_well_geothermal,0.0,0.0,0.0,0.0,0.0,0.0,0.0,0.0,0.0,0.0
capacity_of_industry_heat_burner_hydrogen,0.0,0.0,0.0,0.0,0.0,0.0,0.0,0.0,0.0,0.0
agriculture_useful_demand_electricity,0.0,0.0,0.0,0.0,0.0,0.0,0.0,0.0,0.0,0.0
agriculture_useful_demand_useable_heat,0.0,0.0,0.0,0.0,0.0,0.0,0.0,0.0,0.0,0.0
agriculture_burner_network_gas_share,33.3,33.3,33.3,33.3,33.3,33.3,33.3,33.3,33.3,33.3
agriculture_burner_crude_oil_share,0.0,0.0,0.0,0.0,0.0,0.0,0.0,0.0,0.0,0.0
agriculture_burner_wood_pellets_share,33.3,33.3,33.3,33.3,33.3,33.3,33.3,33.3,33.3,33.3
agriculture_burner_hydrogen_share,0.0,0.0,0.0,0.0,0.0,0.0,0.0,0.0,0.0,0.0
agriculture_heatpump_water_water_electricity_share,33.4,33.4,33.4,33.4,33.4,33.4,33.4,33.4,33.4,33.4
agriculture_heatpump_water_water_ts_electricity_share,0.0,0.0,0.0,0.0,0.0,0.0,0.0,0.0,0.0,0.0
agriculture_geothermal_share,0.0,0.0,0.0,0.0,0.0,0.0,0.0,0.0,0.0,0.0
agriculture_final_demand_ht_central_steam_hot_water_share,0.0,0.0,0.0,0.0,0.0,0.0,0.0,0.0,0.0,0.0
agriculture_final_demand_mt_central_steam_hot_water_share,0.0,0.0,0.0,0.0,0.0,0.0,0.0,0.0,0.0,0.0
agriculture_final_demand_local_steam_hot_water_share,0.0,0.0,0.0,0.0,0.0,0.0,0.0,0.0,0.0,0.0
capacity_of_agriculture_flexibility_p2h_electricity,0.0,0.0,0.0,0.0,0.0,0.0,0.0,0.0,0.0,0.0
capacity_of_agriculture_chp_wood_pellets,0.0,0.0,0.0,0.0,0.0,0.0,0.0,0.0,0.0,0.0
capacity_of_agriculture_chp_engine_network_gas_dispatchable,0.0,0.0,0.0,0.0,0.0,0.0,0.0,0.0,0.0,0.0
capacity_of_agriculture_chp_engine_biogas,0.0,0.0,0.0,0.0,0.0,0.0,0.0,0.0,0.0,0.0
capacity_of_agriculture_chp_engine_network_gas_must_run,0.0,0.0,0.0,0.0,0.0,0.0,0.0,0.0,0.0,0.0
other_useful_demand_electricity,0.0,0.0,0.0,0.0,0.0,0.0,0.0,0.0,0.0,0.0
other_useful_demand_useable_heat,0.0,0.0,0.0,0.0,0.0,0.0,0.0,0.0,0.0,0.0
other_useful_demand_non_energetic,0.0,0.0,0.0,0.0,0.0,0.0,0.0,0.0,0.0,0.0
volume_of_baseload_export_coal,0.0,0.0,0.0,0.0,0.0,0.0,0.0,0.0,0.0,0.0
volume_of_baseload_export_lignite,0.0,0.0,0.0,0.0,0.0,0.0,0.0,0.0,0.0,0.0
volume_of_baseload_export_cokes,0.0,0.0,0.0,0.0,0.0,0.0,0.0,0.0,0.0,0.0
volume_of_baseload_export_crude_oil,0.0,0.0,0.0,0.0,0.0,0.0,0.0,0.0,0.0,0.0
volume_of_baseload_export_kerosene,0.0,0.0,0.0,0.0,0.0,0.0,0.0,0.0,0.0,0.0
volume_of_baseload_export_gasoline,0.0,0.0,0.0,0.0,0.0,0.0,0.0,0.0,0.0,0.0
volume_of_baseload_export_diesel,0.0,0.0,0.0,0.0,0.0,0.0,0.0,0.0,0.0,0.0
volume_of_baseload_export_lpg,0.0,0.0,0.0,0.0,0.0,0.0,0.0,0.0,0.0,0.0
volume_of_baseload_export_heavy_fuel_oil,0.0,0.0,0.0,0.0,0.0,0.0,0.0,0.0,0.0,0.0
volume_of_baseload_export_network_gas,0.0,0.0,0.0,0.0,0.0,0.0,0.0,0.0,0.0,0.0
volume_of_baseload_export_lng,0.0,0.0,0.0,0.0,0.0,0.0,0.0,0.0,0.0,0.0
volume_of_baseload_export_hydrogen,0.0,0.0,0.0,0.0,0.0,0.0,0.0,0.0,0.0,0.0
volume_of_baseload_export_liquid_hydrogen,0.0,0.0,0.0,0.0,0.0,0.0,0.0,0.0,0.0,0.0
volume_of_baseload_export_lohc,0.0,0.0,0.0,0.0,0.0,0.0,0.0,0.0,0.0,0.0
volume_of_baseload_export_ammonia,0.0,0.0,0.0,0.0,0.0,0.0,0.0,0.0,0.0,0.0
capacity_of_energy_power_ultra_supercritical_coal,0.0,0.0,0.0,0.0,0.0,0.0,0.0,0.0,0.0,0.0
capacity_of_energy_power_ultra_supercritical_cofiring_coal,0.0,0.0,0.0,0.0,0.0,0.0,0.0,0.0,0.0,0.0
capacity_of_energy_power_combined_cycle_coal,0.0,0.0,0.0,0.0,0.0,0.0,0.0,0.0,0.0,0.0
capacity_of_energy_power_supercritical_coal,0.0,0.0,0.0,0.0,0.0,0.0,0.0,0.0,0.0,0.0
capacity_of_energy_chp_ultra_supercritical_coal,0.0,0.0,0.0,0.0,0.0,0.0,0.0,0.0,0.0,0.0
capacity_of_energy_chp_ultra_supercritical_cofiring_coal,0.0,0.0,0.0,0.0,0.0,0.0,0.0,0.0,0.0,0.0
capacity_of_energy_power_turbine_network_gas,0.0,0.0,0.0,0.0,0.0,0.0,0.0,0.0,0.0,0.0
capacity_of_energy_power_ultra_supercritical_network_gas,0.0,0.0,0.0,0.0,0.0,0.0,0.0,0.0,0.0,0.0
capacity_of_energy_power_engine_network_gas,0.0,0.0,0.0,0.0,0.0,0.0,0.0,0.0,0.0,0.0
capacity_of_energy_chp_combined_cycle_network_gas,0.0,0.0,0.0,0.0,0.0,0.0,0.0,0.0,0.0,0.0
capacity_of_energy_chp_local_engine_network_gas,0.0,0.0,0.0,0.0,0.0,0.0,0.0,0.0,0.0,0.0
capacity_of_energy_power_ultra_supercritical_crude_oil,0.0,0.0,0.0,0.0,0.0,0.0,0.0,0.0,0.0,0.0
capacity_of_energy_power_engine_diesel,0.0,0.0,0.0,0.0,0.0,0.0,0.0,0.0,0.0,0.0
capacity_of_energy_power_nuclear_gen2_uranium_oxide,0.0,0.0,0.0,0.0,0.0,0.0,0.0,0.0,0.0,0.0
merit_order_subtype_of_energy_power_nuclear_uranium_oxide,0.0,0.0,0.0,0.0,0.0,0.0,0.0,0.0,0.0,0.0
capacity_of_energy_power_nuclear_small_modular_reactor_uranium_oxide,0.0,0.0,0.0,0.0,0.0,0.0,0.0,0.0,0.0,0.0
share_of_energy_steel_energy_production_coal_gas,50.0,50.0,50.0,50.0,50.0,50.0,50.0,50.0,50.0,50.0
share_of_energy_steel_chemical_feedstock_coal_gas,50.0,50.0,50.0,50.0,50.0,50.0,50.0,50.0,50.0,50.0
capacity_of_energy_power_wind_turbine_inland,0.0,0.0,0.0,0.0,0.0,0.0,0.0,0.0,0.0,0.0
capacity_of_energy_power_wind_turbine_coastal,0.0,0.0,0.0,0.0,0.0,0.0,0.0,0.0,0.0,0.0
capacity_of_energy_power_wind_turbine_offshore,0.0,0.0,0.0,0.0,0.0,0.0,0.0,0.0,0.0,0.0
capacity_of_energy_power_hybrid_wind_turbine_offshore,0.0,0.0,0.0,0.0,0.0,0.0,0.0,0.0,0.0,0.0
capacity_of_buildings_solar_pv_solar_radiation,0.0,0.0,0.0,0.0,0.0,0.0,0.0,0.0,0.0,0.0
capacity_of_energy_power_solar_pv_solar_radiation,0.0,0.0,0.0,0.0,0.0,0.0,0.0,0.0,0.0,0.0
capacity_of_energy_power_solar_pv_offshore,0.0,0.0,0.0,0.0,0.0,0.0,0.0,0.0,0.0,0.0
capacity_of_energy_power_hydro_river,240.0,240.0,240.0,240.0,240.0,240.0,240.0,240.0,240.0,240.0
capacity_of_energy_power_hydro_mountain,1933.0,1933.0,1933.0,1933.0,1933.0,1933.0,1933.0,1933.0,1933.0,1933.0
capacity_of_energy_chp_local_engine_biogas,0.0,0.0,0.0,0.0,0.0,0.0,0.0,0.0,0.0,0.0
capacity_of_energy_chp_local_wood_pellets_must_run,0.0,0.0,0.0,0.0,0.0,0.0,0.0,0.0,0.0,0.0
capacity_of_energy_chp_local_wood_pellets_dispatchable,0.0,0.0,0.0,0.0,0.0,0.0,0.0,0.0,0.0,0.0
capacity_of_energy_chp_supercritical_waste_mix,0.0,0.0,0.0,0.0,0.0,0.0,0.0,0.0,0.0,0.0
capacity_of_energy_power_turbine_hydrogen,0.0,0.0,0.0,0.0,0.0,0.0,0.0,0.0,0.0,0.0
capacity_of_energy_power_combined_cycle_hydrogen,0.0,0.0,0.0,0.0,0.0,0.0,0.0,0.0,0.0,0.0
capacity_of_energy_power_geothermal,0.0,0.0,0.0,0.0,0.0,0.0,0.0,0.0,0.0,0.0
share_of_energy_chp_ultra_supercritical_ht_coal,100.0,100.0,100.0,100.0,100.0,100.0,100.0,100.0,100.0,100.0
share_of_energy_chp_ultra_supercritical_mt_coal,0.0,0.0,0.0,0.0,0.0,0.0,0.0,0.0,0.0,0.0
share_of_energy_chp_ultra_supercritical_cofiring_ht_coal,100.0,100.0,100.0,100.0,100.0,100.0,100.0,100.0,100.0,100.0
share_of_energy_chp_ultra_supercritical_cofiring_mt_coal,0.0,0.0,0.0,0.0,0.0,0.0,0.0,0.0,0.0,0.0
share_of_energy_chp_combined_cycle_ht_network_gas,100.0,100.0,100.0,100.0,100.0,100.0,100.0,100.0,100.0,100.0
share_of_energy_chp_combined_cycle_mt_network_gas,0.0,0.0,0.0,0.0,0.0,0.0,0.0,0.0,0.0,0.0
share_of_energy_chp_local_engine_ht_network_gas,100.0,100.0,100.0,100.0,100.0,100.0,100.0,100.0,100.0,100.0
share_of_energy_chp_local_engine_mt_network_gas,0.0,0.0,0.0,0.0,0.0,0.0,0.0,0.0,0.0,0.0
share_of_energy_chp_local_ht_wood_pellets_must_run,100.0,100.0,100.0,100.0,100.0,100.0,100.0,100.0,100.0,100.0
share_of_energy_chp_local_mt_wood_pellets_must_run,0.0,0.0,0.0,0.0,0.0,0.0,0.0,0.0,0.0,0.0
share_of_energy_chp_local_ht_wood_pellets_dispatchable,100.0,100.0,100.0,100.0,100.0,100.0,100.0,100.0,100.0,100.0
share_of_energy_chp_local_mt_wood_pellets_dispatchable,0.0,0.0,0.0,0.0,0.0,0.0,0.0,0.0,0.0,0.0
share_of_energy_chp_local_engine_ht_biogas,100.0,100.0,100.0,100.0,100.0,100.0,100.0,100.0,100.0,100.0
share_of_energy_chp_local_engine_mt_biogas,0.0,0.0,0.0,0.0,0.0,0.0,0.0,0.0,0.0,0.0
share_of_energy_chp_supercritical_ht_waste_mix,100.0,100.0,100.0,100.0,100.0,100.0,100.0,100.0,100.0,100.0
share_of_energy_chp_supercritical_mt_waste_mix,0.0,0.0,0.0,0.0,0.0,0.0,0.0,0.0,0.0,0.0
share_of_energy_heat_flexibility_p2h_boiler_ht_electricity,100.0,100.0,100.0,100.0,100.0,100.0,100.0,100.0,100.0,100.0
share_of_energy_heat_flexibility_p2h_boiler_mt_electricity,0.0,0.0,0.0,0.0,0.0,0.0,0.0,0.0,0.0,0.0
share_of_energy_heat_flexibility_p2h_heatpump_ht_electricity,100.0,100.0,100.0,100.0,100.0,100.0,100.0,100.0,100.0,100.0
share_of_energy_heat_flexibility_p2h_heatpump_mt_electricity,0.0,0.0,0.0,0.0,0.0,0.0,0.0,0.0,0.0,0.0
capacity_of_energy_heat_solar_ht_solar_thermal,0.0,0.0,0.0,0.0,0.0,0.0,0.0,0.0,0.0,0.0
capacity_of_energy_heat_well_deep_ht_geothermal,0.0,0.0,0.0,0.0,0.0,0.0,0.0,0.0,0.0,0.0
volume_of_ht_residual_heat,0.0,0.0,0.0,0.0,0.0,0.0,0.0,0.0,0.0,0.0
volume_of_ht_imported_heat,0.0,0.0,0.0,0.0,0.0,0.0,0.0,0.0,0.0,0.0
capacity_of_energy_heat_boiler_ht_electricity,0.0,0.0,0.0,0.0,0.0,0.0,0.0,0.0,0.0,0.0
capacity_of_energy_heat_heatpump_water_water_ht_electricity,0.0,0.0,0.0,0.0,0.0,0.0,0.0,0.0,0.0,0.0
capacity_of_energy_heat_burner_ht_hydrogen,0.0,0.0,0.0,0.0,0.0,0.0,0.0,0.0,0.0,0.0
capacity_of_energy_heat_burner_ht_wood_pellets,0.0,0.0,0.0,0.0,0.0,0.0,0.0,0.0,0.0,0.0
capacity_of_energy_heat_burner_ht_waste_mix,0.0,0.0,0.0,0.0,0.0,0.0,0.0,0.0,0.0,0.0
capacity_of_energy_heat_burner_ht_crude_oil,0.0,0.0,0.0,0.0,0.0,0.0,0.0,0.0,0.0,0.0
capacity_of_energy_heat_burner_ht_network_gas,0.0,0.0,0.0,0.0,0.0,0.0,0.0,0.0,0.0,0.0
capacity_of_energy_heat_burner_ht_coal,0.0,0.0,0.0,0.0,0.0,0.0,0.0,0.0,0.0,0.0
heat_storage_enabled_ht,0.0,0.0,0.0,0.0,0.0,0.0,0.0,0.0,0.0,0.0
energy_heat_network_storage_ht_loss_share,30.0,30.0,30.0,30.0,30.0,30.0,30.0,30.0,30.0,30.0
energy_heat_network_storage_ht_steam_hot_water_output_capacity_share,300.0,300.0,300.0,300.0,300.0,300.0,300.0,300.0,300.0,300.0
energy_heat_distribution_ht_loss_share,0.0,0.0,0.0,0.0,0.0,0.0,0.0,0.0,0.0,0.0
capacity_of_energy_heat_solar_mt_solar_thermal,0.0,0.0,0.0,0.0,0.0,0.0,0.0,0.0,0.0,0.0
capacity_of_energy_heat_well_deep_mt_geothermal,0.0,0.0,0.0,0.0,0.0,0.0,0.0,0.0,0.0,0.0
capacity_of_energy_heat_well_shallow_heatpump_mt_geothermal,0.0,0.0,0.0,0.0,0.0,0.0,0.0,0.0,0.0,0.0
volume_of_mt_residual_heat,0.0,0.0,0.0,0.0,0.0,0.0,0.0,0.0,0.0,0.0
volume_of_mt_imported_heat,0.0,0.0,0.0,0.0,0.0,0.0,0.0,0.0,0.0,0.0
capacity_of_energy_heat_heatpump_water_water_mt_electricity,0.0,0.0,0.0,0.0,0.0,0.0,0.0,0.0,0.0,0.0
capacity_of_energy_heat_boiler_mt_electricity,0.0,0.0,0.0,0.0,0.0,0.0,0.0,0.0,0.0,0.0
capacity_of_energy_heat_burner_mt_hydrogen,0.0,0.0,0.0,0.0,0.0,0.0,0.0,0.0,0.0,0.0
capacity_of_energy_heat_burner_mt_wood_pellets,0.0,0.0,0.0,0.0,0.0,0.0,0.0,0.0,0.0,0.0
capacity_of_energy_heat_burner_mt_waste_mix,0.0,0.0,0.0,0.0,0.0,0.0,0.0,0.0,0.0,0.0
capacity_of_energy_heat_burner_mt_crude_oil,0.0,0.0,0.0,0.0,0.0,0.0,0.0,0.0,0.0,0.0
capacity_of_energy_heat_burner_mt_network_gas,0.0,0.0,0.0,0.0,0.0,0.0,0.0,0.0,0.0,0.0
capacity_of_energy_heat_burner_mt_coal,0.0,0.0,0.0,0.0,0.0,0.0,0.0,0.0,0.0,0.0
capacity_of_energy_heat_heatpump_surface_water_water_ts_mt_electricity,0.0,0.0,0.0,0.0,0.0,0.0,0.0,0.0,0.0,0.0
capacity_of_energy_heat_heatpump_waste_water_water_ts_mt_electricity,0.0,0.0,0.0,0.0,0.0,0.0,0.0,0.0,0.0,0.0
capacity_of_energy_heat_heatpump_drink_water_water_ts_mt_electricity,0.0,0.0,0.0,0.0,0.0,0.0,0.0,0.0,0.0,0.0
heat_storage_enabled_mt,0.0,0.0,0.0,0.0,0.0,0.0,0.0,0.0,0.0,0.0
energy_heat_network_storage_mt_loss_share,30.0,30.0,30.0,30.0,30.0,30.0,30.0,30.0,30.0,30.0
energy_heat_network_storage_mt_steam_hot_water_output_capacity_share,300.0,300.0,300.0,300.0,300.0,300.0,300.0,300.0,300.0,300.0
energy_heat_distribution_mt_loss_share,0.0,0.0,0.0,0.0,0.0,0.0,0.0,0.0,0.0,0.0
capacity_of_energy_heat_solar_lt_solar_thermal,0.0,0.0,0.0,0.0,0.0,0.0,0.0,0.0,0.0,0.0
capacity_of_energy_heat_well_shallow_lt_geothermal,0.0,0.0,0.0,0.0,0.0,0.0,0.0,0.0,0.0,0.0
volume_of_lt_residual_heat,0.0,0.0,0.0,0.0,0.0,0.0,0.0,0.0,0.0,0.0
volume_of_lt_imported_heat,0.0,0.0,0.0,0.0,0.0,0.0,0.0,0.0,0.0,0.0
capacity_of_energy_heat_heatpump_water_water_lt_electricity,0.0,0.0,0.0,0.0,0.0,0.0,0.0,0.0,0.0,0.0
capacity_of_energy_heat_boiler_lt_electricity,0.0,0.0,0.0,0.0,0.0,0.0,0.0,0.0,0.0,0.0
capacity_of_energy_heat_burner_lt_hydrogen,0.0,0.0,0.0,0.0,0.0,0.0,0.0,0.0,0.0,0.0
capacity_of_energy_heat_heatpump_surface_water_water_ts_lt_electricity,0.0,0.0,0.0,0.0,0.0,0.0,0.0,0.0,0.0,0.0
capacity_of_energy_heat_heatpump_waste_water_water_ts_lt_electricity,0.0,0.0,0.0,0.0,0.0,0.0,0.0,0.0,0.0,0.0
capacity_of_energy_heat_heatpump_drink_water_water_ts_lt_electricity,0.0,0.0,0.0,0.0,0.0,0.0,0.0,0.0,0.0,0.0
heat_storage_enabled_lt,0.0,0.0,0.0,0.0,0.0,0.0,0.0,0.0,0.0,0.0
energy_heat_network_storage_lt_loss_share,30.0,30.0,30.0,30.0,30.0,30.0,30.0,30.0,30.0,30.0
energy_heat_network_storage_lt_steam_hot_water_output_capacity_share,300.0,300.0,300.0,300.0,300.0,300.0,300.0,300.0,300.0,300.0
energy_heat_distribution_lt_loss_share,0.0,0.0,0.0,0.0,0.0,0.0,0.0,0.0,0.0,0.0
capacity_of_energy_hydrogen_wind_turbine_offshore,0.0,0.0,0.0,0.0,0.0,0.0,0.0,0.0,0.0,0.0
capacity_of_energy_hydrogen_solar_pv_solar_radiation,1000.0,1000.0,1000.0,1000.0,1000.0,1000.0,1000.0,1000.0,1000.0,1000.0
capacity_of_energy_hydrogen_biomass_gasification,500.0,500.0,500.0,500.0,500.0,500.0,500.0,500.0,500.0,500.0
capacity_of_energy_hydrogen_steam_methane_reformer_must_run,2000.0,2000.0,2000.0,2000.0,2000.0,2000.0,2000.0,2000.0,2000.0,2000.0
capacity_of_energy_hydrogen_autothermal_reformer_must_run,500.0,500.0,500.0,500.0,500.0,500.0,500.0,500.0,500.0,500.0
capacity_of_energy_hydrogen_ammonia_reformer_must_run,0.0,0.0,0.0,0.0,0.0,0.0,0.0,0.0,0.0,0.0
capacity_of_energy_hydrogen_liquid_hydrogen_regasifier,0.0,0.0,0.0,0.0,0.0,0.0,0.0,0.0,0.0,0.0
capacity_of_energy_hydrogen_lohc_reformer,0.0,0.0,0.0,0.0,0.0,0.0,0.0,0.0,0.0,0.0
capacity_of_energy_imported_hydrogen_baseload,0.0,0.0,0.0,0.0,0.0,0.0,0.0,0.0,0.0,0.0
capacity_of_energy_hydrogen_steam_methane_reformer_dispatchable,0.0,0.0,0.0,0.0,0.0,0.0,0.0,0.0,0.0,0.0
capacity_of_energy_hydrogen_autothermal_reformer_dispatchable,0.0,0.0,0.0,0.0,0.0,0.0,0.0,0.0,0.0,0.0
capacity_of_energy_hydrogen_ammonia_reformer_dispatchable,0.0,0.0,0.0,0.0,0.0,0.0,0.0,0.0,0.0,0.0
energy_hydrogen_transport_pipelines_share,0.0,0.0,0.0,0.0,0.0,0.0,0.0,0.0,0.0,0.0
energy_hydrogen_distribution_compressed_trucks_share,100.0,100.0,100.0,100.0,100.0,100.0,100.0,100.0,100.0,100.0
volume_of_energy_hydrogen_storage_salt_cavern,30.0,30.0,30.0,30.0,30.0,30.0,30.0,30.0,30.0,30.0
capacity_of_energy_hydrogen_storage_salt_cavern,250.0,250.0,250.0,250.0,250.0,250.0,250.0,250.0,250.0,250.0
volume_of_energy_hydrogen_storage_depleted_gas_field,0.0,0.0,0.0,0.0,0.0,0.0,0.0,0.0,0.0,0.0
capacity_of_energy_hydrogen_storage_depleted_gas_field,0.0,0.0,0.0,0.0,0.0,0.0,0.0,0.0,0.0,0.0
capacity_of_energy_imported_ammonia_baseload,0.0,0.0,0.0,0.0,0.0,0.0,0.0,0.0,0.0,0.0
transport_road_mixer_diesel_diesel_share,90.0,90.0,90.0,90.0,90.0,90.0,90.0,90.0,90.0,90.0
transport_road_mixer_diesel_biodiesel_share,10.0,10.0,10.0,10.0,10.0,10.0,10.0,10.0,10.0,10.0
transport_road_mixer_gasoline_gasoline_share,85.0,85.0,85.0,85.0,85.0,85.0,85.0,85.0,85.0,85.0
transport_road_mixer_gasoline_ethanol_share,15.0,15.0,15.0,15.0,15.0,15.0,15.0,15.0,15.0,15.0
transport_road_mixer_lng_lng_share,95.0,95.0,95.0,95.0,95.0,95.0,95.0,95.0,95.0,95.0
transport_road_mixer_lng_bio_lng_share,5.0,5.0,5.0,5.0,5.0,5.0,5.0,5.0,5.0,5.0
transport_rail_mixer_diesel_diesel_share,90.0,90.0,90.0,90.0,90.0,90.0,90.0,90.0,90.0,90.0
transport_rail_mixer_diesel_biodiesel_share,10.0,10.0,10.0,10.0,10.0,10.0,10.0,10.0,10.0,10.0
transport_shipping_mixer_diesel_diesel_share,9.0,9.0,9.0,9.0,9.0,9.0,9.0,9.0,9.0,9.0
transport_shipping_mixer_diesel_biodiesel_share,1.0,1.0,1.0,1.0,1.0,1.0,1.0,1.0,1.0,1.0
transport_shipping_mixer_diesel_lng_share,42.0,42.0,42.0,42.0,42.0,42.0,42.0,42.0,42.0,42.0
transport_shipping_mixer_diesel_bio_lng_share,0.0,0.0,0.0,0.0,0.0,0.0,0.0,0.0,0.0,0.0
transport_shipping_mixer_diesel_bio_ethanol_share,8.0,8.0,8.0,8.0,8.0,8.0,8.0,8.0,8.0,8.0
transport_shipping_mixer_diesel_heavy_fuel_oil_share,40.0,40.0,40.0,40.0,40.0,40.0,40.0,40.0,40.0,40.0
transport_shipping_mixer_lng_lng_share,95.0,95.0,95.0,95.0,95.0,95.0,95.0,95.0,95.0,95.0
transport_shipping_mixer_lng_bio_lng_share,5.0,5.0,5.0,5.0,5.0,5.0,5.0,5.0,5.0,5.0
bunkers_plane_using_kerosene_share,80.0,80.0,80.0,80.0,80.0,80.0,80.0,80.0,80.0,80.0
bunkers_plane_using_bio_kerosene_share,20.0,20.0,20.0,20.0,20.0,20.0,20.0,20.0,20.0,20.0
max_demand_of_wet_biomass,242.6,242.6,242.6,242.6,242.6,242.6,242.6,242.6,242.6,242.6
max_demand_of_dry_biomass,13.1,13.1,13.1,13.1,13.1,13.1,13.1,13.1,13.1,13.1
max_demand_of_oily_biomass,249.2,249.2,249.2,249.2,249.2,249.2,249.2,249.2,249.2,249.2
max_demand_of_biogenic_waste,143.6,143.6,143.6,143.6,143.6,143.6,143.6,143.6,143.6,143.6
energy_treatment_natural_gas_share,100.0,100.0,100.0,100.0,100.0,100.0,100.0,100.0,100.0,100.0
green_gas_total_share,0.0,0.0,0.0,0.0,0.0,0.0,0.0,0.0,0.0,0.0
propane_gas_total_share,0.0,0.0,0.0,0.0,0.0,0.0,0.0,0.0,0.0,0.0
natural_gas_total_share,70.0,70.0,70.0,70.0,70.0,70.0,70.0,70.0,70.0,70.0
energy_regasification_lng_share,30.0,30.0,30.0,30.0,30.0,30.0,30.0,30.0,30.0,30.0
energy_biogas_fermentation_share,33.3,33.3,33.3,33.3,33.3,33.3,33.3,33.3,33.3,33.3
energy_greengas_gasification_dry_biomass_share,33.4,33.4,33.4,33.4,33.4,33.4,33.4,33.4,33.4,33.4
energy_greengas_gasification_wet_biomass_share,33.3,33.3,33.3,33.3,33.3,33.3,33.3,33.3,33.3,33.3
industry_steel_cyclonefurnace_bof_wood_pellets_share,0.0,0.0,0.0,0.0,0.0,0.0,0.0,0.0,0.0,0.0
co_firing_biocoal_share,0.0,0.0,0.0,0.0,0.0,0.0,0.0,0.0,0.0,0.0
energy_mixer_for_gas_power_fuel_natural_gas_share,100.0,100.0,100.0,100.0,100.0,100.0,100.0,100.0,100.0,100.0
energy_mixer_for_gas_power_fuel_bio_oil_share,0.0,0.0,0.0,0.0,0.0,0.0,0.0,0.0,0.0,0.0
energy_mixer_for_gas_power_fuel_crude_oil_share,0.0,0.0,0.0,0.0,0.0,0.0,0.0,0.0,0.0,0.0
climate_relevant_co2_biomass_gas_present,0.0,0.0,0.0,0.0,0.0,0.0,0.0,0.0,0.0,0.0
climate_relevant_co2_biomass_liquid_present,0.0,0.0,0.0,0.0,0.0,0.0,0.0,0.0,0.0,0.0
climate_relevant_co2_biomass_solid_present,0.0,0.0,0.0,0.0,0.0,0.0,0.0,0.0,0.0,0.0
climate_relevant_co2_biomass_gas_future,0.0,0.0,0.0,0.0,0.0,0.0,0.0,0.0,0.0,0.0
climate_relevant_co2_biomass_liquid_future,0.0,0.0,0.0,0.0,0.0,0.0,0.0,0.0,0.0,0.0
climate_relevant_co2_biomass_solid_future,0.0,0.0,0.0,0.0,0.0,0.0,0.0,0.0,0.0,0.0
households_diesel_in_crude_oil_share,90.0,90.0,90.0,90.0,90.0,90.0,90.0,90.0,90.0,90.0
households_biodiesel_in_crude_oil_share,10.0,10.0,10.0,10.0,10.0,10.0,10.0,10.0,10.0,10.0
households_kerosene_in_crude_oil_share,0.0,0.0,0.0,0.0,0.0,0.0,0.0,0.0,0.0,0.0
households_bio_kerosene_in_crude_oil_share,0.0,0.0,0.0,0.0,0.0,0.0,0.0,0.0,0.0,0.0
households_lpg_in_crude_oil_share,0.0,0.0,0.0,0.0,0.0,0.0,0.0,0.0,0.0,0.0
households_other_oil_in_crude_oil_share,0.0,0.0,0.0,0.0,0.0,0.0,0.0,0.0,0.0,0.0
households_other_bio_oil_in_crude_oil_share,0.0,0.0,0.0,0.0,0.0,0.0,0.0,0.0,0.0,0.0
buildings_diesel_in_crude_oil_share,90.0,90.0,90.0,90.0,90.0,90.0,90.0,90.0,90.0,90.0
buildings_biodiesel_in_crude_oil_share,10.0,10.0,10.0,10.0,10.0,10.0,10.0,10.0,10.0,10.0
buildings_kerosene_in_crude_oil_share,0.0,0.0,0.0,0.0,0.0,0.0,0.0,0.0,0.0,0.0
buildings_bio_kerosene_in_crude_oil_share,0.0,0.0,0.0,0.0,0.0,0.0,0.0,0.0,0.0,0.0
buildings_lpg_in_crude_oil_share,0.0,0.0,0.0,0.0,0.0,0.0,0.0,0.0,0.0,0.0
buildings_other_oil_in_crude_oil_share,0.0,0.0,0.0,0.0,0.0,0.0,0.0,0.0,0.0,0.0
buildings_other_bio_oil_in_crude_oil_share,0.0,0.0,0.0,0.0,0.0,0.0,0.0,0.0,0.0,0.0
industry_diesel_in_crude_oil_share,63.0,63.0,63.0,63.0,63.0,63.0,63.0,63.0,63.0,63.0
industry_biodiesel_in_crude_oil_share,7.0,7.0,7.0,7.0,7.0,7.0,7.0,7.0,7.0,7.0
industry_kerosene_in_crude_oil_share,0.0,0.0,0.0,0.0,0.0,0.0,0.0,0.0,0.0,0.0
industry_bio_kerosene_in_crude_oil_share,0.0,0.0,0.0,0.0,0.0,0.0,0.0,0.0,0.0,0.0
industry_lpg_in_crude_oil_share,0.0,0.0,0.0,0.0,0.0,0.0,0.0,0.0,0.0,0.0
industry_other_oil_in_crude_oil_share,30.0,30.0,30.0,30.0,30.0,30.0,30.0,30.0,30.0,30.0
industry_other_bio_oil_in_crude_oil_share,0.0,0.0,0.0,0.0,0.0,0.0,0.0,0.0,0.0,0.0
agriculture_diesel_in_crude_oil_share,63.0,63.0,63.0,63.0,63.0,63.0,63.0,63.0,63.0,63.0
agriculture_biodiesel_in_crude_oil_share,7.0,7.0,7.0,7.0,7.0,7.0,7.0,7.0,7.0,7.0
agriculture_kerosene_in_crude_oil_share,0.0,0.0,0.0,0.0,0.0,0.0,0.0,0.0,0.0,0.0
agriculture_bio_kerosene_in_crude_oil_share,0.0,0.0,0.0,0.0,0.0,0.0,0.0,0.0,0.0,0.0
agriculture_lpg_in_crude_oil_share,0.0,0.0,0.0,0.0,0.0,0.0,0.0,0.0,0.0,0.0
agriculture_other_oil_in_crude_oil_share,30.0,30.0,30.0,30.0,30.0,30.0,30.0,30.0,30.0,30.0
agriculture_other_bio_oil_in_crude_oil_share,0.0,0.0,0.0,0.0,0.0,0.0,0.0,0.0,0.0,0.0
fuel_production_coal,0.0,0.0,0.0,0.0,0.0,0.0,0.0,0.0,0.0,0.0
fuel_production_crude_oil,563.25,563.25,563.25,563.25,563.25,563.25,563.25,563.25,563.25,563.25
fuel_production_natural_gas,355.5,355.5,355.5,355.5,355.5,355.5,355.5,355.5,355.5,355.5
fuel_production_uranium_oxide,0.0,0.0,0.0,0.0,0.0,0.0,0.0,0.0,0.0,0.0
wtp_of_households_flexibility_p2p_electricity,0.0,0.0,0.0,0.0,0.0,0.0,0.0,0.0,0.0,0.0
wta_of_households_flexibility_p2p_electricity,0.0,0.0,0.0,0.0,0.0,0.0,0.0,0.0,0.0,0.0
settings_enable_storage_optimisation_households_flexibility_p2p_electricity,0.0,0.0,0.0,0.0,0.0,0.0,0.0,0.0,0.0,0.0
transport_car_using_electricity_availability,21.0,21.0,21.0,21.0,21.0,21.0,21.0,21.0,21.0,21.0
volume_of_transport_car_using_electricity,3.0,3.0,3.0,3.0,3.0,3.0,3.0,3.0,3.0,3.0
transport_bus_using_electricity_availability,21.0,21.0,21.0,21.0,21.0,21.0,21.0,21.0,21.0,21.0
volume_of_transport_bus_using_electricity,4.0,4.0,4.0,4.0,4.0,4.0,4.0,4.0,4.0,4.0
transport_truck_using_electricity_availability,21.0,21.0,21.0,21.0,21.0,21.0,21.0,21.0,21.0,21.0
volume_of_transport_truck_using_electricity,4.0,4.0,4.0,4.0,4.0,4.0,4.0,4.0,4.0,4.0
transport_van_using_electricity_availability,21.0,21.0,21.0,21.0,21.0,21.0,21.0,21.0,21.0,21.0
volume_of_transport_van_using_electricity,3.0,3.0,3.0,3.0,3.0,3.0,3.0,3.0,3.0,3.0
wtp_of_transport_car_flexibility_p2p_electricity,0.0,0.0,0.0,0.0,0.0,0.0,0.0,0.0,0.0,0.0
wta_of_transport_car_flexibility_p2p_electricity,0.0,0.0,0.0,0.0,0.0,0.0,0.0,0.0,0.0,0.0
settings_enable_storage_optimisation_transport_car_flexibility_p2p_electricity,0.0,0.0,0.0,0.0,0.0,0.0,0.0,0.0,0.0,0.0
volume_of_energy_flexibility_mv_batteries_electricity,4.0,4.0,4.0,4.0,4.0,4.0,4.0,4.0,4.0,4.0
wtp_of_energy_flexibility_mv_batteries_electricity,0.0,0.0,0.0,0.0,0.0,0.0,0.0,0.0,0.0,0.0
wta_of_energy_flexibility_mv_batteries_electricity,0.0,0.0,0.0,0.0,0.0,0.0,0.0,0.0,0.0,0.0
settings_enable_storage_optimisation_energy_flexibility_mv_batteries_electricity,0.0,0.0,0.0,0.0,0.0,0.0,0.0,0.0,0.0,0.0
capacity_of_energy_flexibility_pumped_storage_electricity,9.7,9.7,9.7,9.7,9.7,9.7,9.7,9.7,9.7,9.7
volume_of_energy_flexibility_pumped_storage_electricity,19.6,19.6,19.6,19.6,19.6,19.6,19.6,19.6,19.6,19.6
wtp_of_energy_flexibility_pumped_storage_electricity,0.0,0.0,0.0,0.0,0.0,0.0,0.0,0.0,0.0,0.0
wta_of_energy_flexibility_pumped_storage_electricity,0.0,0.0,0.0,0.0,0.0,0.0,0.0,0.0,0.0,0.0
settings_enable_storage_optimisation_energy_flexibility_pumped_storage_electricity,0.0,0.0,0.0,0.0,0.0,0.0,0.0,0.0,0.0,0.0
capacity_of_energy_flexibility_hv_opac_electricity,0.0,0.0,0.0,0.0,0.0,0.0,0.0,0.0,0.0,0.0
volume_of_energy_flexibility_hv_opac_electricity,19.6,19.6,19.6,19.6,19.6,19.6,19.6,19.6,19.6,19.6
wtp_of_energy_flexibility_hv_opac_electricity,0.0,0.0,0.0,0.0,0.0,0.0,0.0,0.0,0.0,0.0
wta_of_energy_flexibility_hv_opac_electricity,0.0,0.0,0.0,0.0,0.0,0.0,0.0,0.0,0.0,0.0
settings_enable_storage_optimisation_energy_flexibility_hv_opac_electricity,0.0,0.0,0.0,0.0,0.0,0.0,0.0,0.0,0.0,0.0
wtp_of_energy_flexibility_flow_batteries_electricity,0.0,0.0,0.0,0.0,0.0,0.0,0.0,0.0,0.0,0.0
wta_of_energy_flexibility_flow_batteries_electricity,0.0,0.0,0.0,0.0,0.0,0.0,0.0,0.0,0.0,0.0
settings_enable_storage_optimisation_energy_flexibility_flow_batteries_electricity,0.0,0.0,0.0,0.0,0.0,0.0,0.0,0.0,0.0,0.0
capacity_of_energy_hydrogen_flexibility_p2g_electricity,1000.0,1000.0,1000.0,1000.0,1000.0,1000.0,1000.0,1000.0,1000.0,1000.0
wtp_of_energy_hydrogen_flexibility_p2g_electricity,30.0,30.0,30.0,30.0,30.0,30.0,30.0,30.0,30.0,30.0
capacity_of_energy_heat_flexibility_p2h_boiler_electricity,0.0,0.0,0.0,0.0,0.0,0.0,0.0,0.0,0.0,0.0
capacity_of_energy_heat_flexibility_p2h_heatpump_electricity,0.0,0.0,0.0,0.0,0.0,0.0,0.0,0.0,0.0,0.0
wtp_of_energy_heat_flexibility_p2h_boiler_electricity,19.0,19.0,19.0,19.0,19.0,19.0,19.0,19.0,19.0,19.0
wtp_of_energy_heat_flexibility_p2h_heatpump_electricity,20.0,20.0,20.0,20.0,20.0,20.0,20.0,20.0,20.0,20.0
wtp_of_industry_chemicals_refineries_flexibility_p2h_electricity,22.0,22.0,22.0,22.0,22.0,22.0,22.0,22.0,22.0,22.0
wtp_of_industry_chemicals_fertilizers_flexibility_p2h_electricity,22.0,22.0,22.0,22.0,22.0,22.0,22.0,22.0,22.0,22.0
wtp_of_industry_chemicals_other_flexibility_p2h_electricity,22.0,22.0,22.0,22.0,22.0,22.0,22.0,22.0,22.0,22.0
wtp_of_industry_other_food_flexibility_p2h_electricity,22.0,22.0,22.0,22.0,22.0,22.0,22.0,22.0,22.0,22.0
wtp_of_industry_other_paper_flexibility_p2h_electricity,22.0,22.0,22.0,22.0,22.0,22.0,22.0,22.0,22.0,22.0
wtp_of_agriculture_flexibility_p2h_electricity,22.0,22.0,22.0,22.0,22.0,22.0,22.0,22.0,22.0,22.0
wtp_of_energy_production_synthetic_kerosene_dispatchable,22.0,22.0,22.0,22.0,22.0,22.0,22.0,22.0,22.0,22.0
curtailment_of_households_solar_pv_solar_radiation,5.0,5.0,5.0,5.0,5.0,5.0,5.0,5.0,5.0,5.0
curtailment_of_buildings_solar_pv_solar_radiation,5.0,5.0,5.0,5.0,5.0,5.0,5.0,5.0,5.0,5.0
curtailment_of_energy_power_solar_pv_solar_radiation,5.0,5.0,5.0,5.0,5.0,5.0,5.0,5.0,5.0,5.0
curtailment_of_energy_power_solar_pv_offshore,5.0,5.0,5.0,5.0,5.0,5.0,5.0,5.0,5.0,5.0
relative_capacity_of_electrolyser,50.0,50.0,50.0,50.0,50.0,50.0,50.0,50.0,50.0,50.0
relative_capacity_of_offshore_cable,50.0,50.0,50.0,50.0,50.0,50.0,50.0,50.0,50.0,50.0
wtp_of_energy_hydrogen_hybrid_electrolysis_wind_electricity,30.0,30.0,30.0,30.0,30.0,30.0,30.0,30.0,30.0,30.0
transport_car_using_electricity_custom_profile_charging_share,0.0,0.0,0.0,0.0,0.0,0.0,0.0,0.0,0.0,0.0
flexibility_heat_pump_space_heating_cop_cutoff_gas,2.6,2.6,2.6,2.6,2.6,2.6,2.6,2.6,2.6,2.6
flexibility_heat_pump_space_heating_cop_cutoff_crude_oil,3.5,3.5,3.5,3.5,3.5,3.5,3.5,3.5,3.5,3.5
flexibility_heat_pump_water_heating_cop_cutoff,6.0,6.0,6.0,6.0,6.0,6.0,6.0,6.0,6.0,6.0
electricity_interconnector_1_co2_emissions_present,275.9,275.9,275.9,275.9,275.9,275.9,275.9,275.9,275.9,275.9
electricity_interconnector_1_co2_emissions_future,100.0,100.0,100.0,100.0,100.0,100.0,100.0,100.0,100.0,100.0
flexibility_outdoor_temperature,0.0,0.0,0.0,0.0,0.0,0.0,0.0,0.0,0.0,0.0
flh_of_energy_power_wind_turbine_coastal,2644.0,2644.0,2644.0,2644.0,2644.0,2644.0,2644.0,2644.0,2644.0,2644.0
flh_of_energy_power_wind_turbine_offshore,3734.0,3734.0,3734.0,3734.0,3734.0,3734.0,3734.0,3734.0,3734.0,3734.0
flh_of_energy_hydrogen_wind_turbine_offshore,4000.0,4000.0,4000.0,4000.0,4000.0,4000.0,4000.0,4000.0,4000.0,4000.0
change_in_energetic_emissions_other_ghg_households,67.0,67.0,67.0,67.0,67.0,67.0,67.0,67.0,67.0,67.0
change_in_energetic_emissions_other_ghg_buildings,67.0,67.0,67.0,67.0,67.0,67.0,67.0,67.0,67.0,67.0
change_in_energetic_emissions_other_ghg_transport,67.0,67.0,67.0,67.0,67.0,67.0,67.0,67.0,67.0,67.0
change_in_non_energetic_emissions_co2_chemical_industry,67.0,67.0,67.0,67.0,67.0,67.0,67.0,67.0,67.0,67.0
change_in_non_energetic_emissions_co2_waste_management,67.0,67.0,67.0,67.0,67.0,67.0,67.0,67.0,67.0,67.0
change_in_non_energetic_emissions_co2_other_industry,67.0,67.0,67.0,67.0,67.0,67.0,67.0,67.0,67.0,67.0
change_in_non_energetic_emissions_other_ghg_chemical_industry,67.0,67.0,67.0,67.0,67.0,67.0,67.0,67.0,67.0,67.0
change_in_non_energetic_emissions_other_ghg_waste_management,67.0,67.0,67.0,67.0,67.0,67.0,67.0,67.0,67.0,67.0
change_in_non_energetic_emissions_other_ghg_other_industry,67.0,67.0,67.0,67.0,67.0,67.0,67.0,67.0,67.0,67.0
change_in_energetic_emissions_other_ghg_industry,67.0,67.0,67.0,67.0,67.0,67.0,67.0,67.0,67.0,67.0
change_in_energetic_emissions_other_ghg_energy,67.0,67.0,67.0,67.0,67.0,67.0,67.0,67.0,67.0,67.0
change_in_non_energetic_emissions_co2_agriculture_manure,67.0,67.0,67.0,67.0,67.0,67.0,67.0,67.0,67.0,67.0
change_in_non_energetic_emissions_co2_agriculture_soil_cultivation,67.0,67.0,67.0,67.0,67.0,67.0,67.0,67.0,67.0,67.0
change_in_non_energetic_emissions_other_ghg_agriculture_manure,67.0,67.0,67.0,67.0,67.0,67.0,67.0,67.0,67.0,67.0
change_in_non_energetic_emissions_other_ghg_agriculture_soil_cultivation,67.0,67.0,67.0,67.0,67.0,67.0,67.0,67.0,67.0,67.0
change_in_non_energetic_emissions_other_ghg_agriculture_fermentation,67.0,67.0,67.0,67.0,67.0,67.0,67.0,67.0,67.0,67.0
change_in_non_energetic_emissions_other_ghg_agriculture_other,67.0,67.0,67.0,67.0,67.0,67.0,67.0,67.0,67.0,67.0
change_in_energetic_emissions_other_ghg_agriculture,67.0,67.0,67.0,67.0,67.0,67.0,67.0,67.0,67.0,67.0
change_in_indirect_emissions_co2,67.0,67.0,67.0,67.0,67.0,67.0,67.0,67.0,67.0,67.0
share_of_molecules_other_utilisation_delayed_emitted_co2,100.0,100.0,100.0,100.0,100.0,100.0,100.0,100.0,100.0,100.0
share_of_molecules_other_utilisation_delayed_indefinitely_co2,0.0,0.0,0.0,0.0,0.0,0.0,0.0,0.0,0.0,0.0
demand_of_molecules_direct_air_capture_co2,0.0,0.0,0.0,0.0,0.0,0.0,0.0,0.0,0.0,0.0
share_of_energy_power_ultra_supercritical_ccs_coal,0.0,0.0,0.0,0.0,0.0,0.0,0.0,0.0,0.0,0.0
share_of_energy_power_combined_cycle_ccs_coal,0.0,0.0,0.0,0.0,0.0,0.0,0.0,0.0,0.0,0.0
share_of_energy_power_combined_cycle_ccs_network_gas,0.0,0.0,0.0,0.0,0.0,0.0,0.0,0.0,0.0,0.0
share_of_energy_chp_supercritical_ccs_ht_waste_mix,0.0,0.0,0.0,0.0,0.0,0.0,0.0,0.0,0.0,0.0
share_of_energy_chp_supercritical_ccs_mt_waste_mix,0.0,0.0,0.0,0.0,0.0,0.0,0.0,0.0,0.0,0.0
share_of_energy_power_supercritical_ccs_waste_mix,0.0,0.0,0.0,0.0,0.0,0.0,0.0,0.0,0.0,0.0
share_of_energy_power_wood_pellets_ccs_must_run,0.0,0.0,0.0,0.0,0.0,0.0,0.0,0.0,0.0,0.0
share_of_energy_power_wood_pellets_ccs_dispatchable,0.0,0.0,0.0,0.0,0.0,0.0,0.0,0.0,0.0,0.0
share_of_energy_chp_local_mt_wood_pellets_ccs_must_run,0.0,0.0,0.0,0.0,0.0,0.0,0.0,0.0,0.0,0.0
share_of_energy_chp_local_mt_wood_pellets_ccs_dispatchable,0.0,0.0,0.0,0.0,0.0,0.0,0.0,0.0,0.0,0.0
share_of_energy_chp_local_ht_wood_pellets_ccs_must_run,0.0,0.0,0.0,0.0,0.0,0.0,0.0,0.0,0.0,0.0
share_of_energy_chp_local_ht_wood_pellets_ccs_dispatchable,0.0,0.0,0.0,0.0,0.0,0.0,0.0,0.0,0.0,0.0
share_of_energy_hydrogen_steam_methane_reformer_ccs_must_run,0.0,0.0,0.0,0.0,0.0,0.0,0.0,0.0,0.0,0.0
share_of_energy_hydrogen_autothermal_reformer_ccs_must_run,0.0,0.0,0.0,0.0,0.0,0.0,0.0,0.0,0.0,0.0
share_of_energy_hydrogen_biomass_gasification_ccs,0.0,0.0,0.0,0.0,0.0,0.0,0.0,0.0,0.0,0.0
share_of_industry_steel_captured_co2,0.0,0.0,0.0,0.0,0.0,0.0,0.0,0.0,0.0,0.0
share_of_industry_chemicals_fertilizers_captured_processes_co2,0.0,0.0,0.0,0.0,0.0,0.0,0.0,0.0,0.0,0.0
share_of_industry_chemicals_fertilizers_captured_combustion_co2,0.0,0.0,0.0,0.0,0.0,0.0,0.0,0.0,0.0,0.0
share_of_industry_other_paper_captured_co2,0.0,0.0,0.0,0.0,0.0,0.0,0.0,0.0,0.0,0.0
share_of_industry_other_food_captured_co2,0.0,0.0,0.0,0.0,0.0,0.0,0.0,0.0,0.0,0.0
volume_of_molecules_import_co2_baseload,0.0,0.0,0.0,0.0,0.0,0.0,0.0,0.0,0.0,0.0
demand_of_molecules_offshore_sequestration_co2,0.0,0.0,0.0,0.0,0.0,0.0,0.0,0.0,0.0,0.0
output_of_energy_production_synthetic_kerosene_must_run,0.0,0.0,0.0,0.0,0.0,0.0,0.0,0.0,0.0,0.0
output_of_energy_production_synthetic_methanol,0.0,0.0,0.0,0.0,0.0,0.0,0.0,0.0,0.0,0.0
demand_of_molecules_other_utilisation_co2,0.0,0.0,0.0,0.0,0.0,0.0,0.0,0.0,0.0,0.0
capacity_of_energy_production_synthetic_kerosene_dispatchable,0.0,0.0,0.0,0.0,0.0,0.0,0.0,0.0,0.0,0.0
share_of_molecules_transport_pipelines_co2,50.0,50.0,50.0,50.0,50.0,50.0,50.0,50.0,50.0,50.0
share_of_molecules_transport_ships_co2,50.0,50.0,50.0,50.0,50.0,50.0,50.0,50.0,50.0,50.0
co2_emissions_of_imported_heat,0.0,0.0,0.0,0.0,0.0,0.0,0.0,0.0,0.0,0.0
co2_emissions_of_imported_hydrogen_future,140.5,140.5,140.5,140.5,140.5,140.5,140.5,140.5,140.5,140.5
co2_emissions_of_imported_liquid_hydrogen_future,140.5,140.5,140.5,140.5,140.5,140.5,140.5,140.5,140.5,140.5
co2_emissions_of_imported_lohc_future,148.0,148.0,148.0,148.0,148.0,148.0,148.0,148.0,148.0,148.0
co2_emissions_of_imported_ammonia_future,174.0,174.0,174.0,174.0,174.0,174.0,174.0,174.0,174.0,174.0
investment_costs_combustion_coal_plant,0.0,0.0,0.0,0.0,0.0,0.0,0.0,0.0,0.0,0.0
om_costs_combustion_coal_plant,0.0,0.0,0.0,0.0,0.0,0.0,0.0,0.0,0.0,0.0
efficiency_energy_chp_ultra_supercritical_coal_electricity,46.0,46.0,46.0,46.0,46.0,46.0,46.0,46.0,46.0,46.0
efficiency_energy_chp_ultra_supercritical_coal_heat,42.0,42.0,42.0,42.0,42.0,42.0,42.0,42.0,42.0,42.0
efficiency_energy_chp_ultra_supercritical_cofiring_coal_electricity,45.0,45.0,45.0,45.0,45.0,45.0,45.0,45.0,45.0,45.0
efficiency_energy_chp_ultra_supercritical_cofiring_coal_heat,34.0,34.0,34.0,34.0,34.0,34.0,34.0,34.0,34.0,34.0
efficiency_energy_power_combined_cycle_coal,40.0,40.0,40.0,40.0,40.0,40.0,40.0,40.0,40.0,40.0
efficiency_energy_power_supercritical_coal,40.0,40.0,40.0,40.0,40.0,40.0,40.0,40.0,40.0,40.0
efficiency_energy_power_ultra_supercritical_coal,37.0,37.0,37.0,37.0,37.0,37.0,37.0,37.0,37.0,37.0
efficiency_energy_power_ultra_supercritical_cofiring_coal,14.0,14.0,14.0,14.0,14.0,14.0,14.0,14.0,14.0,14.0
efficiency_industry_chp_ultra_supercritical_coal_electricity,42.0,42.0,42.0,42.0,42.0,42.0,42.0,42.0,42.0,42.0
efficiency_industry_chp_ultra_supercritical_coal_heat,0.0,0.0,0.0,0.0,0.0,0.0,0.0,0.0,0.0,0.0
investment_costs_combustion_gas_plant,0.0,0.0,0.0,0.0,0.0,0.0,0.0,0.0,0.0,0.0
om_costs_combustion_gas_plant,0.0,0.0,0.0,0.0,0.0,0.0,0.0,0.0,0.0,0.0
efficiency_energy_power_combined_cycle_network_gas,60.0,60.0,60.0,60.0,60.0,60.0,60.0,60.0,60.0,60.0
efficiency_energy_power_turbine_network_gas,34.0,34.0,34.0,34.0,34.0,34.0,34.0,34.0,34.0,34.0
efficiency_energy_power_ultra_supercritical_network_gas,50.0,50.0,50.0,50.0,50.0,50.0,50.0,50.0,50.0,50.0
efficiency_energy_power_engine_network_gas,48.0,48.0,48.0,48.0,48.0,48.0,48.0,48.0,48.0,48.0
efficiency_energy_chp_combined_cycle_network_gas_electricity,46.0,46.0,46.0,46.0,46.0,46.0,46.0,46.0,46.0,46.0
efficiency_energy_chp_combined_cycle_network_gas_heat,42.0,42.0,42.0,42.0,42.0,42.0,42.0,42.0,42.0,42.0
efficiency_energy_chp_local_engine_network_gas_electricity,43.0,43.0,43.0,43.0,43.0,43.0,43.0,43.0,43.0,43.0
efficiency_energy_chp_local_engine_network_gas_heat,47.0,47.0,47.0,47.0,47.0,47.0,47.0,47.0,47.0,47.0
efficiency_industry_chp_combined_cycle_gas_power_fuelmix_electricity,58.0,58.0,58.0,58.0,58.0,58.0,58.0,58.0,58.0,58.0
efficiency_industry_chp_combined_cycle_gas_power_fuelmix_heat,0.0,0.0,0.0,0.0,0.0,0.0,0.0,0.0,0.0,0.0
efficiency_industry_chp_engine_gas_power_fuelmix_electricity,42.0,42.0,42.0,42.0,42.0,42.0,42.0,42.0,42.0,42.0
efficiency_industry_chp_engine_gas_power_fuelmix_heat,48.0,48.0,48.0,48.0,48.0,48.0,48.0,48.0,48.0,48.0
efficiency_industry_chp_turbine_gas_power_fuelmix_electricity,38.0,38.0,38.0,38.0,38.0,38.0,38.0,38.0,38.0,38.0
efficiency_industry_chp_turbine_gas_power_fuelmix_heat,42.0,42.0,42.0,42.0,42.0,42.0,42.0,42.0,42.0,42.0
efficiency_agriculture_chp_engine_dispatchable_network_gas_electricity,43.0,43.0,43.0,43.0,43.0,43.0,43.0,43.0,43.0,43.0
efficiency_agriculture_chp_engine_dispatchable_network_gas_heat,47.0,47.0,47.0,47.0,47.0,47.0,47.0,47.0,47.0,47.0
efficiency_agriculture_chp_engine_must_run_network_gas_electricity,43.0,43.0,43.0,43.0,43.0,43.0,43.0,43.0,43.0,43.0
efficiency_agriculture_chp_engine_must_run_network_gas_heat,47.0,47.0,47.0,47.0,47.0,47.0,47.0,47.0,47.0,47.0
investment_costs_combustion_oil_plant,0.0,0.0,0.0,0.0,0.0,0.0,0.0,0.0,0.0,0.0
om_costs_combustion_oil_plant,0.0,0.0,0.0,0.0,0.0,0.0,0.0,0.0,0.0,0.0
efficiency_energy_power_ultra_supercritical_crude_oil,36.0,36.0,36.0,36.0,36.0,36.0,36.0,36.0,36.0,36.0
efficiency_energy_power_engine_diesel,38.0,38.0,38.0,38.0,38.0,38.0,38.0,38.0,38.0,38.0
investment_costs_nuclear_nuclear_plant,0.0,0.0,0.0,0.0,0.0,0.0,0.0,0.0,0.0,0.0
om_costs_nuclear_nuclear_plant,0.0,0.0,0.0,0.0,0.0,0.0,0.0,0.0,0.0,0.0
investment_costs_nuclear_small_modular_reactor,0.0,0.0,0.0,0.0,0.0,0.0,0.0,0.0,0.0,0.0
om_costs_nuclear_small_modular_reactor,0.0,0.0,0.0,0.0,0.0,0.0,0.0,0.0,0.0,0.0
efficiency_energy_power_nuclear_gen2_uranium_oxide,36.0,36.0,36.0,36.0,36.0,36.0,36.0,36.0,36.0,36.0
efficiency_energy_power_nuclear_gen3_uranium_oxide,36.0,36.0,36.0,36.0,36.0,36.0,36.0,36.0,36.0,36.0
efficiency_energy_power_nuclear_small_modular_reactor_uranium_oxide,28.0,28.0,28.0,28.0,28.0,28.0,28.0,28.0,28.0,28.0
investment_costs_wind_onshore,-20.0,-20.0,-20.0,-20.0,-20.0,-20.0,-20.0,-20.0,-20.0,-20.0
om_costs_wind_onshore,-20.0,-20.0,-20.0,-20.0,-20.0,-20.0,-20.0,-20.0,-20.0,-20.0
investment_costs_wind_offshore,-20.0,-20.0,-20.0,-20.0,-20.0,-20.0,-20.0,-20.0,-20.0,-20.0
om_costs_wind_offshore,-20.0,-20.0,-20.0,-20.0,-20.0,-20.0,-20.0,-20.0,-20.0,-20.0
investment_costs_solar_solar_panels,-60.0,-60.0,-60.0,-60.0,-60.0,-60.0,-60.0,-60.0,-60.0,-60.0
investment_costs_solar_concentrated_solar_power,-20.0,-20.0,-20.0,-20.0,-20.0,-20.0,-20.0,-20.0,-20.0,-20.0
efficiency_energy_power_solar_pv_solar_radiation,30.0,30.0,30.0,30.0,30.0,30.0,30.0,30.0,30.0,30.0
investment_costs_water_river,0.0,0.0,0.0,0.0,0.0,0.0,0.0,0.0,0.0,0.0
om_costs_water_river,0.0,0.0,0.0,0.0,0.0,0.0,0.0,0.0,0.0,0.0
investment_costs_water_mountains,0.0,0.0,0.0,0.0,0.0,0.0,0.0,0.0,0.0,0.0
om_costs_water_mountains,0.0,0.0,0.0,0.0,0.0,0.0,0.0,0.0,0.0,0.0
investment_costs_combustion_biomass_plants,0.0,0.0,0.0,0.0,0.0,0.0,0.0,0.0,0.0,0.0
om_costs_combustion_biomass_plant,0.0,0.0,0.0,0.0,0.0,0.0,0.0,0.0,0.0,0.0
efficiency_energy_chp_local_wood_pellets_electricity,29.0,29.0,29.0,29.0,29.0,29.0,29.0,29.0,29.0,29.0
efficiency_energy_chp_local_wood_pellets_heat,82.0,82.0,82.0,82.0,82.0,82.0,82.0,82.0,82.0,82.0
efficiency_energy_chp_local_engine_biogas_electricity,43.0,43.0,43.0,43.0,43.0,43.0,43.0,43.0,43.0,43.0
efficiency_energy_chp_local_engine_biogas_heat,47.0,47.0,47.0,47.0,47.0,47.0,47.0,47.0,47.0,47.0
flh_of_energy_power_wood_pellets_ccs_must_run,7500.0,7500.0,7500.0,7500.0,7500.0,7500.0,7500.0,7500.0,7500.0,7500.0
flh_of_energy_chp_local_mt_wood_pellets_ccs_must_run,6000.0,6000.0,6000.0,6000.0,6000.0,6000.0,6000.0,6000.0,6000.0,6000.0
flh_of_energy_chp_local_ht_wood_pellets_ccs_must_run,6000.0,6000.0,6000.0,6000.0,6000.0,6000.0,6000.0,6000.0,6000.0,6000.0
efficiency_industry_chp_wood_pellets_electricity,30.0,30.0,30.0,30.0,30.0,30.0,30.0,30.0,30.0,30.0
efficiency_industry_chp_wood_pellets_heat,0.0,0.0,0.0,0.0,0.0,0.0,0.0,0.0,0.0,0.0
efficiency_agriculture_chp_wood_pellets_electricity,43.0,43.0,43.0,43.0,43.0,43.0,43.0,43.0,43.0,43.0
efficiency_agriculture_chp_wood_pellets_heat,47.0,47.0,47.0,47.0,47.0,47.0,47.0,47.0,47.0,47.0
efficiency_agriculture_chp_engine_biogas_electricity,29.0,29.0,29.0,29.0,29.0,29.0,29.0,29.0,29.0,29.0
efficiency_agriculture_chp_engine_biogas_heat,84.0,84.0,84.0,84.0,84.0,84.0,84.0,84.0,84.0,84.0
investment_costs_combustion_waste_incinerator,0.0,0.0,0.0,0.0,0.0,0.0,0.0,0.0,0.0,0.0
om_costs_combustion_waste_incinerator,0.0,0.0,0.0,0.0,0.0,0.0,0.0,0.0,0.0,0.0
efficiency_energy_power_supercritical_waste_mix,31.0,31.0,31.0,31.0,31.0,31.0,31.0,31.0,31.0,31.0
efficiency_energy_chp_supercritical_waste_mix_electricity,40.0,40.0,40.0,40.0,40.0,40.0,40.0,40.0,40.0,40.0
efficiency_energy_chp_supercritical_waste_mix_heat,0.0,0.0,0.0,0.0,0.0,0.0,0.0,0.0,0.0,0.0
investment_costs_combustion_hydrogen_plant,0.0,0.0,0.0,0.0,0.0,0.0,0.0,0.0,0.0,0.0
om_costs_combustion_hydrogen_plant,0.0,0.0,0.0,0.0,0.0,0.0,0.0,0.0,0.0,0.0
efficiency_energy_power_turbine_hydrogen,34.0,34.0,34.0,34.0,34.0,34.0,34.0,34.0,34.0,34.0
efficiency_energy_power_combined_cycle_hydrogen,60.0,60.0,60.0,60.0,60.0,60.0,60.0,60.0,60.0,60.0
efficiency_industry_chp_turbine_hydrogen_electricity,33.0,33.0,33.0,33.0,33.0,33.0,33.0,33.0,33.0,33.0
efficiency_industry_chp_turbine_hydrogen_heat,41.0,41.0,41.0,41.0,41.0,41.0,41.0,41.0,41.0,41.0
costs_infrastructure_electricity_lv_net,916.0,916.0,916.0,916.0,916.0,916.0,916.0,916.0,916.0,916.0
costs_infrastructure_electricity_lv_mv_trafo,200.0,200.0,200.0,200.0,200.0,200.0,200.0,200.0,200.0,200.0
costs_infrastructure_electricity_mv_net,690.0,690.0,690.0,690.0,690.0,690.0,690.0,690.0,690.0,690.0
costs_infrastructure_electricity_mv_hv_trafo,250.0,250.0,250.0,250.0,250.0,250.0,250.0,250.0,250.0,250.0
costs_infrastructure_electricity_hv_net,364.0,364.0,364.0,364.0,364.0,364.0,364.0,364.0,364.0,364.0
costs_infrastructure_electricity_interconnector_net,364.0,364.0,364.0,364.0,364.0,364.0,364.0,364.0,364.0,364.0
costs_infrastructure_electricity_offshore_net,1159.0,1159.0,1159.0,1159.0,1159.0,1159.0,1159.0,1159.0,1159.0,1159.0
efficiency_households_space_heater_combined_network_gas,107.0,107.0,107.0,107.0,107.0,107.0,107.0,107.0,107.0,107.0
efficiency_households_space_heater_combined_hydrogen,110.0,110.0,110.0,110.0,110.0,110.0,110.0,110.0,110.0,110.0
efficiency_households_space_heater_wood_pellets,82.0,82.0,82.0,82.0,82.0,82.0,82.0,82.0,82.0,82.0
efficiency_households_space_heater_electricity,100.0,100.0,100.0,100.0,100.0,100.0,100.0,100.0,100.0,100.0
efficiency_households_space_heater_network_gas,80.0,80.0,80.0,80.0,80.0,80.0,80.0,80.0,80.0,80.0
efficiency_households_space_heater_crude_oil,85.0,85.0,85.0,85.0,85.0,85.0,85.0,85.0,85.0,85.0
efficiency_households_space_heater_heatpump_ground_water_electricity,4.8,4.8,4.8,4.8,4.8,4.8,4.8,4.8,4.8,4.8
efficiency_households_space_heater_heatpump_air_water_electricity,100.0,100.0,100.0,100.0,100.0,100.0,100.0,100.0,100.0,100.0
efficiency_households_space_heater_hybrid_heatpump_air_water_electricity,100.0,100.0,100.0,100.0,100.0,100.0,100.0,100.0,100.0,100.0
efficiency_households_space_heater_hybrid_hydrogen_heatpump_air_water_electricity,100.0,100.0,100.0,100.0,100.0,100.0,100.0,100.0,100.0,100.0
efficiency_households_space_heater_hybrid_crude_oil_heatpump_air_water_electricity,100.0,100.0,100.0,100.0,100.0,100.0,100.0,100.0,100.0,100.0
efficiency_buildings_space_heater_network_gas,107.0,107.0,107.0,107.0,107.0,107.0,107.0,107.0,107.0,107.0
efficiency_buildings_space_heater_combined_hydrogen,110.0,110.0,110.0,110.0,110.0,110.0,110.0,110.0,110.0,110.0
efficiency_buildings_space_heater_electricity,82.0,82.0,82.0,82.0,82.0,82.0,82.0,82.0,82.0,82.0
efficiency_buildings_space_heater_wood_pellets,100.0,100.0,100.0,100.0,100.0,100.0,100.0,100.0,100.0,100.0
efficiency_buildings_space_heater_crude_oil,85.0,85.0,85.0,85.0,85.0,85.0,85.0,85.0,85.0,85.0
efficiency_buildings_space_heater_collective_heatpump_water_water_ts_electricity,3.8,3.8,3.8,3.8,3.8,3.8,3.8,3.8,3.8,3.8
efficiency_buildings_space_heater_heatpump_air_water_electricity,100.0,100.0,100.0,100.0,100.0,100.0,100.0,100.0,100.0,100.0
efficiency_buildings_space_heater_hybrid_heatpump_air_water_electricity,100.0,100.0,100.0,100.0,100.0,100.0,100.0,100.0,100.0,100.0
efficiency_buildings_space_heater_hybrid_hydrogen_heatpump_air_water_electricity,100.0,100.0,100.0,100.0,100.0,100.0,100.0,100.0,100.0,100.0
efficiency_buildings_space_heater_hybrid_crude_oil_heatpump_air_water_electricity,100.0,100.0,100.0,100.0,100.0,100.0,100.0,100.0,100.0,100.0
efficiency_agriculture_heatpump_water_water_electricity,4.5,4.5,4.5,4.5,4.5,4.5,4.5,4.5,4.5,4.5
efficiency_agriculture_heatpump_water_water_ts_electricity,5.0,5.0,5.0,5.0,5.0,5.0,5.0,5.0,5.0,5.0
investment_costs_electric_heat_pumps,-25.0,-25.0,-25.0,-25.0,-25.0,-25.0,-25.0,-25.0,-25.0,-25.0
investment_costs_gas_heat_pumps,0.0,0.0,0.0,0.0,0.0,0.0,0.0,0.0,0.0,0.0
investment_costs_geothermal,0.0,0.0,0.0,0.0,0.0,0.0,0.0,0.0,0.0,0.0
om_costs_geothermal,0.0,0.0,0.0,0.0,0.0,0.0,0.0,0.0,0.0,0.0
investment_costs_solar_thermal,0.0,0.0,0.0,0.0,0.0,0.0,0.0,0.0,0.0,0.0
om_costs_solar_thermal,0.0,0.0,0.0,0.0,0.0,0.0,0.0,0.0,0.0,0.0
costs_imported_heat,11.6,11.6,11.6,11.6,11.6,11.6,11.6,11.6,11.6,11.6
costs_industry_residual_heat,0.0,0.0,0.0,0.0,0.0,0.0,0.0,0.0,0.0,0.0
costs_households_ht_heat_delivery_system_costs_apartments_eur_per_connection,1174.0,1174.0,1174.0,1174.0,1174.0,1174.0,1174.0,1174.0,1174.0,1174.0
costs_households_mt_heat_delivery_system_costs_apartments_eur_per_connection,1174.0,1174.0,1174.0,1174.0,1174.0,1174.0,1174.0,1174.0,1174.0,1174.0
costs_households_lt_heat_delivery_system_costs_apartments_eur_per_connection,2382.0,2382.0,2382.0,2382.0,2382.0,2382.0,2382.0,2382.0,2382.0,2382.0
costs_households_ht_heat_delivery_system_costs_ground_level_houses_eur_per_connection,2054.0,2054.0,2054.0,2054.0,2054.0,2054.0,2054.0,2054.0,2054.0,2054.0
costs_households_mt_heat_delivery_system_costs_ground_level_houses_eur_per_connection,2054.0,2054.0,2054.0,2054.0,2054.0,2054.0,2054.0,2054.0,2054.0,2054.0
costs_households_lt_heat_delivery_system_costs_ground_level_houses_eur_per_connection,4144.0,4144.0,4144.0,4144.0,4144.0,4144.0,4144.0,4144.0,4144.0,4144.0
costs_buildings_ht_heat_delivery_system_costs_eur_per_connection,16706.0,16706.0,16706.0,16706.0,16706.0,16706.0,16706.0,16706.0,16706.0,16706.0
costs_buildings_mt_heat_delivery_system_costs_eur_per_connection,16706.0,16706.0,16706.0,16706.0,16706.0,16706.0,16706.0,16706.0,16706.0,16706.0
costs_buildings_lt_heat_delivery_system_costs_eur_per_connection,25386.0,25386.0,25386.0,25386.0,25386.0,25386.0,25386.0,25386.0,25386.0,25386.0
costs_heat_infra_indoors,100.0,100.0,100.0,100.0,100.0,100.0,100.0,100.0,100.0,100.0
costs_heat_infra_outdoors,100.0,100.0,100.0,100.0,100.0,100.0,100.0,100.0,100.0,100.0
costs_heat_network_storage_ht_steam_hot_water,43.2,43.2,43.2,43.2,43.2,43.2,43.2,43.2,43.2,43.2
costs_heat_network_storage_mt_steam_hot_water,43.2,43.2,43.2,43.2,43.2,43.2,43.2,43.2,43.2,43.2
costs_heat_network_storage_lt_steam_hot_water,43.2,43.2,43.2,43.2,43.2,43.2,43.2,43.2,43.2,43.2
investment_costs_hydrogen_electrolysis,-50.0,-50.0,-50.0,-50.0,-50.0,-50.0,-50.0,-50.0,-50.0,-50.0
investment_costs_ammonia_reforming,-20.0,-20.0,-20.0,-20.0,-20.0,-20.0,-20.0,-20.0,-20.0,-20.0
efficiency_hydrogen_electrolysis,66.0,66.0,66.0,66.0,66.0,66.0,66.0,66.0,66.0,66.0
efficiency_ammonia_reforming,69.0,69.0,69.0,69.0,69.0,69.0,69.0,69.0,69.0,69.0
costs_hydrogen_storage_salt_cavern,550.0,550.0,550.0,550.0,550.0,550.0,550.0,550.0,550.0,550.0
costs_hydrogen_storage_depleted_gas_field,350.0,350.0,350.0,350.0,350.0,350.0,350.0,350.0,350.0,350.0
costs_hydrogen_transport_pipelines,0.5,0.5,0.5,0.5,0.5,0.5,0.5,0.5,0.5,0.5
costs_hydrogen_transport_compressed_trucks,50.1,50.1,50.1,50.1,50.1,50.1,50.1,50.1,50.1,50.1
costs_hydrogen_transport_pipelines_offshore,0.7,0.7,0.7,0.7,0.7,0.7,0.7,0.7,0.7,0.7
costs_hydrogen,60.0,60.0,60.0,60.0,60.0,60.0,60.0,60.0,60.0,60.0
costs_imported_liquid_hydrogen,75.0,75.0,75.0,75.0,75.0,75.0,75.0,75.0,75.0,75.0
costs_imported_lohc,63.0,63.0,63.0,63.0,63.0,63.0,63.0,63.0,63.0,63.0
costs_imported_ammonia,43.0,43.0,43.0,43.0,43.0,43.0,43.0,43.0,43.0,43.0
transport_vehicle_using_electricity_efficiency,1.0,1.0,1.0,1.0,1.0,1.0,1.0,1.0,1.0,1.0
transport_vehicle_using_hydrogen_efficiency,0.0,0.0,0.0,0.0,0.0,0.0,0.0,0.0,0.0,0.0
transport_vehicle_combustion_engine_efficiency,2.0,2.0,2.0,2.0,2.0,2.0,2.0,2.0,2.0,2.0
transport_trains_efficiency,0.5,0.5,0.5,0.5,0.5,0.5,0.5,0.5,0.5,0.5
transport_ships_efficiency,1.0,1.0,1.0,1.0,1.0,1.0,1.0,1.0,1.0,1.0
transport_planes_efficiency,0.5,0.5,0.5,0.5,0.5,0.5,0.5,0.5,0.5,0.5
costs_coal,66.0,66.0,66.0,66.0,66.0,66.0,66.0,66.0,66.0,66.0
costs_greengas,64.0,64.0,64.0,64.0,64.0,64.0,64.0,64.0,64.0,64.0
costs_biogas,57.0,57.0,57.0,57.0,57.0,57.0,57.0,57.0,57.0,57.0
costs_biodiesel,0.96,0.96,0.96,0.96,0.96,0.96,0.96,0.96,0.96,0.96
costs_bio_ethanol,0.96,0.96,0.96,0.96,0.96,0.96,0.96,0.96,0.96,0.96
costs_electricity_fallback_price,7055.0,7055.0,7055.0,7055.0,7055.0,7055.0,7055.0,7055.0,7055.0,7055.0
investment_costs_households_flexibility_p2p_electricity,0.0,0.0,0.0,0.0,0.0,0.0,0.0,0.0,0.0,0.0
investment_costs_energy_flexibility_mv_batteries_electricity,0.0,0.0,0.0,0.0,0.0,0.0,0.0,0.0,0.0,0.0
investment_costs_energy_flexibility_hv_opac_electricity,0.0,0.0,0.0,0.0,0.0,0.0,0.0,0.0,0.0,0.0
volume_costs_energy_flexibility_flow_batteries_electricity,0.0,0.0,0.0,0.0,0.0,0.0,0.0,0.0,0.0,0.0
capacity_costs_energy_flexibility_flow_batteries_electricity,0.0,0.0,0.0,0.0,0.0,0.0,0.0,0.0,0.0,0.0
efficiency_households_flexibility_p2p_electricity,90.0,90.0,90.0,90.0,90.0,90.0,90.0,90.0,90.0,90.0
efficiency_transport_flexibility_p2p_electricity,87.0,87.0,87.0,87.0,87.0,87.0,87.0,87.0,87.0,87.0
efficiency_energy_flexibility_mv_batteries_electricity,85.0,85.0,85.0,85.0,85.0,85.0,85.0,85.0,85.0,85.0
efficiency_energy_flexibility_pumped_storage_electricity,80.0,80.0,80.0,80.0,80.0,80.0,80.0,80.0,80.0,80.0
efficiency_energy_flexibility_hv_opac_electricity,80.0,80.0,80.0,80.0,80.0,80.0,80.0,80.0,80.0,80.0
investment_costs_flexibility_p2h_electricity,0.0,0.0,0.0,0.0,0.0,0.0,0.0,0.0,0.0,0.0
costs_co2,146.0,146.0,146.0,146.0,146.0,146.0,146.0,146.0,146.0,146.0
costs_co2_free_allocation,0.0,0.0,0.0,0.0,0.0,0.0,0.0,0.0,0.0,0.0
costs_captured_biogenic_co2,146.0,146.0,146.0,146.0,146.0,146.0,146.0,146.0,146.0,146.0
investment_costs_co2_ccs,0.0,0.0,0.0,0.0,0.0,0.0,0.0,0.0,0.0,0.0
om_costs_co2_ccs,0.0,0.0,0.0,0.0,0.0,0.0,0.0,0.0,0.0,0.0
investment_costs_co2_capture_industry,0.0,0.0,0.0,0.0,0.0,0.0,0.0,0.0,0.0,0.0
om_costs_co2_capture_industry,0.0,0.0,0.0,0.0,0.0,0.0,0.0,0.0,0.0,0.0
investment_costs_co2_storage,0.0,0.0,0.0,0.0,0.0,0.0,0.0,0.0,0.0,0.0
om_costs_co2_storage,0.0,0.0,0.0,0.0,0.0,0.0,0.0,0.0,0.0,0.0
investment_costs_co2_utilisation,0.0,0.0,0.0,0.0,0.0,0.0,0.0,0.0,0.0,0.0
om_costs_co2_utilisation,0.0,0.0,0.0,0.0,0.0,0.0,0.0,0.0,0.0,0.0
investment_costs_co2_transport,0.0,0.0,0.0,0.0,0.0,0.0,0.0,0.0,0.0,0.0
om_costs_co2_transport,0.0,0.0,0.0,0.0,0.0,0.0,0.0,0.0,0.0,0.0
costs_wacc_households,2.0,2.0,2.0,2.0,2.0,2.0,2.0,2.0,2.0,2.0
costs_wacc_public_infrastructure,3.0,3.0,3.0,3.0,3.0,3.0,3.0,3.0,3.0,3.0
costs_wacc_proven_technologies,4.0,4.0,4.0,4.0,4.0,4.0,4.0,4.0,4.0,4.0
costs_wacc_unproven_technologies,7.0,7.0,7.0,7.0,7.0,7.0,7.0,7.0,7.0,7.0
households_heater_heatpump_air_water_electricity_share,0.3202,0.7638,0.8957,0.4435,0.1937,0.4341,0.6631,0.2120,0.8034,0.4903
households_heater_heatpump_ground_water_electricity_share,0.1081,0.2846,0.2228,0.2744,0.4441,0.2213,0.1875,0.0507,0.8418,0.4062
households_heater_hybrid_heattpump_air_water_electricity_share,0.5624,0.2696,0.8112,0.0194,0.9191,0.7136,0.5969,0.6227,0.6475,0.1831
households_heater_wood_pellets_share,0.4644,0.2201,0.2970,0.8906,0.3058,0.0784,0.6484,0.0472,0.2543,0.2749
households_heater_electricity_share,0.5881,0.2109,0.2979,0.3625,0.5887,0.1417,0.6778,0.5505,0.8688,0.9353
households_cooling_heatpump_ground_water_electricity_share,0.0542,0.4341,0.5945,0.3797,0.9610,0.8395,0.8521,0.7284,0.3657,0.5602
households_cooling_heatpump_air_water_electricity_share,0.9178,0.1623,0.7503,0.5968,0.4708,0.0874,0.2334,0.7987,0.1957,0.7212
households_cooling_airconditioning_electricity_share,0.4947,0.9229,0.0166,0.2224,0.4154,0.0102,0.4122,0.6984,0.8725,0.3355
households_cooker_network_gas_share,0.2676,0.6072,0.5812,0.1110,0.1390,0.7641,0.3096,0.8682,0.9322,0.9640
households_cooker_induction_electricity_share,0.0380,0.4054,0.2488,0.5545,0.3761,0.4810,0.0219,0.3942,0.6803,0.8657
bunkers_ship_using_lng_share,0.3698,0.5484,0.6411,0.7197,0.2106,0.6758,0.1831,0.7570,0.3601,0.6274
bunkers_ship_using_ammonia_share,0.2015,0.5533,0.5600,0.6275,0.2134,0.5414,0.7687,0.6124,0.9364,0.3930
industry_steel_dri_network_gas_share,0.1023,0.6180,0.6439,0.0785,0.2178,0.3212,0.9321,0.0632,0.1369,0.1326
industry_steel_cyclonefurnace_bof_share,0.3075,0.5792,0.4259,0.8283,0.1636,0.0844,0.2861,0.3709,0.0271,0.8723
capacity_of_energy_power_turbine_hydrogen,0.3577,0.9879,0.4205,0.3595,0.9132,0.8294,0.5699,0.6009,0.6505,0.6020
share_of_energy_chp_local_engine_ht_network_gas,0.6028,0.6320,0.8619,0.6804,0.9739,0.8990,0.6969,0.7896,0.5985,0.8672
share_of_energy_chp_supercritical_mt_waste_mix,0.5024,0.6156,0.6108,0.5657,0.5503,0.6530,0.7362,0.7174,0.9078,0.3992
share_of_energy_heat_flexibility_p2h_boiler_ht_electricity,0.1638,0.6395,0.5657,0.2638,0.1720,0.0844,0.9075,0.4918,0.4119,0.7455
capacity_of_energy_heat_heatpump_water_water_ht_electricity,0.6787,0.0844,0.2171,0.1583,0.4222,0.7772,0.5951,0.0553,0.3826,0.8512
flexibility_heat_pump_space_heating_cop_cutoff_crude_oil,0.8637,0.9061,0.8000,0.6573,0.8454,0.7732,0.1969,0.3697,0.6167,0.4455
electricity_interconnector_1_marginal_costs,0.2984,0.9154,0.2757,0.1610,0.9620,0.8405,0.9554,0.0951,0.2045,0.9451
flh_of_energy_hydrogen_wind_turbine_offshore,0.753410864,0.838057198,0.880504458,0.64254857,0.15014477,0.610532754,0.985417285,0.523715112,0.650095719,0.482696505
change_in_energetic_emissions_other_ghg_transport,0.507037164,0.919295744,0.940710274,0.458584253,0.550475802,0.294711187,0.422393393,0.713739,0.196709456,0.301738139
change_in_non_energetic_emissions_co2_chemical_industry,0.196403183,0.413930314,0.029056332,0.878226697,0.125173243,0.648545484,0.964080828,0.953428256,0.291005215,0.594869412
share_of_energy_hydrogen_biomass_gasification_ccs,0.97632321,0.409881616,0.732019768,0.777647479,0.810241085,0.514319082,0.587392272,0.957423059,0.409591554,0.77046743
share_of_industry_steel_captured_co2,0.796097642,0.71550476,0.008450234,0.360259826,0.426165638,0.155463985,0.327842404,0.900586528,0.427925235,0.667931932
share_of_industry_chemicals_fertilizers_captured_combustion_co2,0.104700654,0.245323157,0.95292407,0.294415331,0.73237644,0.658200557,0.436537454,0.685496943,0.55267808,0.509469026
share_of_industry_other_paper_captured_co2,0.918245532,0.951078349,0.863933013,0.788747991,0.468507224,0.043120749,0.306088775,0.147563763,0.772565146,0.614240904
demand_of_molecules_offshore_sequestration_co2,0.563166069,0.948300622,0.02451357,0.875680557,0.830070781,0.136763595,0.504672046,0.057191707,0.847016094,0.502333199
output_of_energy_production_synthetic_methanol,0.243774826,0.745553511,0.602457713,0.931082683,0.090562056,0.980686606,0.540567216,0.569079742,0.839098825,0.364215678
demand_of_molecules_other_utilisation_co2,0.322689208,0.045395386,0.444497403,0.234652561,0.100750633,0.02053118,0.211225675,0.782107122,0.777951717,0.442771505
