short_name,title,area_code,end_year,description,id,keep_compatible,curve_file
sample_0,Scenario_sample,UK_united_kingdom,2020,sample,1362080,False,
sample_1,Scenario_sample,UK_united_kingdom,2020,sample,1362080,False,
sample_2,Scenario_sample,UK_united_kingdom,2020,sample,1362080,False,
sample_3,Scenario_sample,UK_united_kingdom,2020,sample,1362080,False,
sample_4,Scenario_sample,UK_united_kingdom,2020,sample,1362080,False,
sample_5,Scenario_sample,UK_united_kingdom,2020,sample,1362080,False,
sample_6,Scenario_sample,UK_united_kingdom,2020,sample,1362080,False,
sample_7,Scenario_sample,UK_united_kingdom,2020,sample,1362080,False,
sample_8,Scenario_sample,UK_united_kingdom,2020,sample,1362080,False,
sample_9,Scenario_sample,UK_united_kingdom,2020,sample,1362080,False,
sample_10,Scenario_sample,UK_united_kingdom,2020,sample,1362080,False,
sample_11,Scenario_sample,UK_united_kingdom,2020,sample,1362080,False,
sample_12,Scenario_sample,UK_united_kingdom,2020,sample,1362080,False,
sample_13,Scenario_sample,UK_united_kingdom,2020,sample,1362080,False,
sample_14,Scenario_sample,UK_united_kingdom,2020,sample,1362080,False,
sample_15,Scenario_sample,UK_united_kingdom,2020,sample,1362080,False,
sample_16,Scenario_sample,UK_united_kingdom,2020,sample,1362080,False,
sample_17,Scenario_sample,UK_united_kingdom,2020,sample,1362080,False,
sample_18,Scenario_sample,UK_united_kingdom,2020,sample,1362080,False,
sample_19,Scenario_sample,UK_united_kingdom,2020,sample,1362080,False,
sample_20,Scenario_sample,UK_united_kingdom,2020,sample,1362080,False,
sample_21,Scenario_sample,UK_united_kingdom,2020,sample,1362080,False,
sample_22,Scenario_sample,UK_united_kingdom,2020,sample,1362080,False,
sample_23,Scenario_sample,UK_united_kingdom,2020,sample,1362080,False,
sample_24,Scenario_sample,UK_united_kingdom,2020,sample,1362080,False,
sample_25,Scenario_sample,UK_united_kingdom,2020,sample,1362080,False,
sample_26,Scenario_sample,UK_united_kingdom,2020,sample,1362080,False,
sample_27,Scenario_sample,UK_united_kingdom,2020,sample,1362080,False,
sample_28,Scenario_sample,UK_united_kingdom,2020,sample,1362080,False,
sample_29,Scenario_sample,UK_united_kingdom,2020,sample,1362080,False,
sample_30,Scenario_sample,UK_united_kingdom,2020,sample,1362080,False,
sample_31,Scenario_sample,UK_united_kingdom,2020,sample,1362080,False,
sample_32,Scenario_sample,UK_united_kingdom,2020,sample,1362080,False,
sample_33,Scenario_sample,UK_united_kingdom,2020,sample,1362080,False,
sample_34,Scenario_sample,UK_united_kingdom,2020,sample,1362080,False,
sample_35,Scenario_sample,UK_united_kingdom,2020,sample,1362080,False,
sample_36,Scenario_sample,UK_united_kingdom,2020,sample,1362080,False,
sample_37,Scenario_sample,UK_united_kingdom,2020,sample,1362080,False,
sample_38,Scenario_sample,UK_united_kingdom,2020,sample,1362080,False,
sample_39,Scenario_sample,UK_united_kingdom,2020,sample,1362080,False,
sample_40,Scenario_sample,UK_united_kingdom,2020,sample,1362080,False,
sample_41,Scenario_sample,UK_united_kingdom,2020,sample,1362080,False,
sample_42,Scenario_sample,UK_united_kingdom,2020,sample,1362080,False,
sample_43,Scenario_sample,UK_united_kingdom,2020,sample,1362080,False,
sample_44,Scenario_sample,UK_united_kingdom,2020,sample,1362080,False,
sample_45,Scenario_sample,UK_united_kingdom,2020,sample,1362080,False,
sample_46,Scenario_sample,UK_united_kingdom,2020,sample,1362080,False,
sample_47,Scenario_sample,UK_united_kingdom,2020,sample,1362080,False,
sample_48,Scenario_sample,UK_united_kingdom,2020,sample,1362080,False,
sample_49,Scenario_sample,UK_united_kingdom,2020,sample,1362080,False,
sample_50,Scenario_sample,UK_united_kingdom,2020,sample,1362080,False,
sample_51,Scenario_sample,UK_united_kingdom,2020,sample,1362080,False,
sample_52,Scenario_sample,UK_united_kingdom,2020,sample,1362080,False,
sample_53,Scenario_sample,UK_united_kingdom,2020,sample,1362080,False,
sample_54,Scenario_sample,UK_united_kingdom,2020,sample,1362080,False,
sample_55,Scenario_sample,UK_united_kingdom,2020,sample,1362080,False,
sample_56,Scenario_sample,UK_united_kingdom,2020,sample,1362080,False,
sample_57,Scenario_sample,UK_united_kingdom,2020,sample,1362080,False,
sample_58,Scenario_sample,UK_united_kingdom,2020,sample,1362080,False,
sample_59,Scenario_sample,UK_united_kingdom,2020,sample,1362080,False,
sample_60,Scenario_sample,UK_united_kingdom,2020,sample,1362080,False,
sample_61,Scenario_sample,UK_united_kingdom,2020,sample,1362080,False,
sample_62,Scenario_sample,UK_united_kingdom,2020,sample,1362080,False,
sample_63,Scenario_sample,UK_united_kingdom,2020,sample,1362080,False,
sample_64,Scenario_sample,UK_united_kingdom,2020,sample,1362080,False,
sample_65,Scenario_sample,UK_united_kingdom,2020,sample,1362080,False,
sample_66,Scenario_sample,UK_united_kingdom,2020,sample,1362080,False,
sample_67,Scenario_sample,UK_united_kingdom,2020,sample,1362080,False,
sample_68,Scenario_sample,UK_united_kingdom,2020,sample,1362080,False,
sample_69,Scenario_sample,UK_united_kingdom,2020,sample,1362080,False,
sample_70,Scenario_sample,UK_united_kingdom,2020,sample,1362080,False,
sample_71,Scenario_sample,UK_united_kingdom,2020,sample,1362080,False,
sample_72,Scenario_sample,UK_united_kingdom,2020,sample,1362080,False,
sample_73,Scenario_sample,UK_united_kingdom,2020,sample,1362080,False,
sample_74,Scenario_sample,UK_united_kingdom,2020,sample,1362080,False,
sample_75,Scenario_sample,UK_united_kingdom,2020,sample,1362080,False,
sample_76,Scenario_sample,UK_united_kingdom,2020,sample,1362080,False,
sample_77,Scenario_sample,UK_united_kingdom,2020,sample,1362080,False,
sample_78,Scenario_sample,UK_united_kingdom,2020,sample,1362080,False,
sample_79,Scenario_sample,UK_united_kingdom,2020,sample,1362080,False,
sample_80,Scenario_sample,UK_united_kingdom,2020,sample,1362080,False,
sample_81,Scenario_sample,UK_united_kingdom,2020,sample,1362080,False,
sample_82,Scenario_sample,UK_united_kingdom,2020,sample,1362080,False,
sample_83,Scenario_sample,UK_united_kingdom,2020,sample,1362080,False,
sample_84,Scenario_sample,UK_united_kingdom,2020,sample,1362080,False,
sample_85,Scenario_sample,UK_united_kingdom,2020,sample,1362080,False,
sample_86,Scenario_sample,UK_united_kingdom,2020,sample,1362080,False,
sample_87,Scenario_sample,UK_united_kingdom,2020,sample,1362080,False,
sample_88,Scenario_sample,UK_united_kingdom,2020,sample,1362080,False,
sample_89,Scenario_sample,UK_united_kingdom,2020,sample,1362080,False,
sample_90,Scenario_sample,UK_united_kingdom,2020,sample,1362080,False,
sample_91,Scenario_sample,UK_united_kingdom,2020,sample,1362080,False,
sample_92,Scenario_sample,UK_united_kingdom,2020,sample,1362080,False,
sample_93,Scenario_sample,UK_united_kingdom,2020,sample,1362080,False,
sample_94,Scenario_sample,UK_united_kingdom,2020,sample,1362080,False,
sample_95,Scenario_sample,UK_united_kingdom,2020,sample,1362080,False,
sample_96,Scenario_sample,UK_united_kingdom,2020,sample,1362080,False,
sample_97,Scenario_sample,UK_united_kingdom,2020,sample,1362080,False,
sample_98,Scenario_sample,UK_united_kingdom,2020,sample,1362080,False,
sample_99,Scenario_sample,UK_united_kingdom,2020,sample,1362080,False,
sample_100,Scenario_sample,UK_united_kingdom,2020,sample,1362080,False,
sample_101,Scenario_sample,UK_united_kingdom,2020,sample,1362080,False,
sample_102,Scenario_sample,UK_united_kingdom,2020,sample,1362080,False,
sample_103,Scenario_sample,UK_united_kingdom,2020,sample,1362080,False,
sample_104,Scenario_sample,UK_united_kingdom,2020,sample,1362080,False,
sample_105,Scenario_sample,UK_united_kingdom,2020,sample,1362080,False,
sample_106,Scenario_sample,UK_united_kingdom,2020,sample,1362080,False,
sample_107,Scenario_sample,UK_united_kingdom,2020,sample,1362080,False,
sample_108,Scenario_sample,UK_united_kingdom,2020,sample,1362080,False,
sample_109,Scenario_sample,UK_united_kingdom,2020,sample,1362080,False,
sample_110,Scenario_sample,UK_united_kingdom,2020,sample,1362080,False,
sample_111,Scenario_sample,UK_united_kingdom,2020,sample,1362080,False,
sample_112,Scenario_sample,UK_united_kingdom,2020,sample,1362080,False,
sample_113,Scenario_sample,UK_united_kingdom,2020,sample,1362080,False,
sample_114,Scenario_sample,UK_united_kingdom,2020,sample,1362080,False,
sample_115,Scenario_sample,UK_united_kingdom,2020,sample,1362080,False,
sample_116,Scenario_sample,UK_united_kingdom,2020,sample,1362080,False,
sample_117,Scenario_sample,UK_united_kingdom,2020,sample,1362080,False,
sample_118,Scenario_sample,UK_united_kingdom,2020,sample,1362080,False,
sample_119,Scenario_sample,UK_united_kingdom,2020,sample,1362080,False,
sample_120,Scenario_sample,UK_united_kingdom,2020,sample,1362080,False,
sample_121,Scenario_sample,UK_united_kingdom,2020,sample,1362080,False,
sample_122,Scenario_sample,UK_united_kingdom,2020,sample,1362080,False,
sample_123,Scenario_sample,UK_united_kingdom,2020,sample,1362080,False,
sample_124,Scenario_sample,UK_united_kingdom,2020,sample,1362080,False,
sample_125,Scenario_sample,UK_united_kingdom,2020,sample,1362080,False,
sample_126,Scenario_sample,UK_united_kingdom,2020,sample,1362080,False,
sample_127,Scenario_sample,UK_united_kingdom,2020,sample,1362080,False,
sample_128,Scenario_sample,UK_united_kingdom,2020,sample,1362080,False,
sample_129,Scenario_sample,UK_united_kingdom,2020,sample,1362080,False,
sample_130,Scenario_sample,UK_united_kingdom,2020,sample,1362080,False,
sample_131,Scenario_sample,UK_united_kingdom,2020,sample,1362080,False,
sample_132,Scenario_sample,UK_united_kingdom,2020,sample,1362080,False,
sample_133,Scenario_sample,UK_united_kingdom,2020,sample,1362080,False,
sample_134,Scenario_sample,UK_united_kingdom,2020,sample,1362080,False,
sample_135,Scenario_sample,UK_united_kingdom,2020,sample,1362080,False,
sample_136,Scenario_sample,UK_united_kingdom,2020,sample,1362080,False,
sample_137,Scenario_sample,UK_united_kingdom,2020,sample,1362080,False,
sample_138,Scenario_sample,UK_united_kingdom,2020,sample,1362080,False,
sample_139,Scenario_sample,UK_united_kingdom,2020,sample,1362080,False,
sample_140,Scenario_sample,UK_united_kingdom,2020,sample,1362080,False,
sample_141,Scenario_sample,UK_united_kingdom,2020,sample,1362080,False,
sample_142,Scenario_sample,UK_united_kingdom,2020,sample,1362080,False,
sample_143,Scenario_sample,UK_united_kingdom,2020,sample,1362080,False,
sample_144,Scenario_sample,UK_united_kingdom,2020,sample,1362080,False,
sample_145,Scenario_sample,UK_united_kingdom,2020,sample,1362080,False,
sample_146,Scenario_sample,UK_united_kingdom,2020,sample,1362080,False,
sample_147,Scenario_sample,UK_united_kingdom,2020,sample,1362080,False,
sample_148,Scenario_sample,UK_united_kingdom,2020,sample,1362080,False,
sample_149,Scenario_sample,UK_united_kingdom,2020,sample,1362080,False,
sample_150,Scenario_sample,UK_united_kingdom,2020,sample,1362080,False,
sample_151,Scenario_sample,UK_united_kingdom,2020,sample,1362080,False,
sample_152,Scenario_sample,UK_united_kingdom,2020,sample,1362080,False,
sample_153,Scenario_sample,UK_united_kingdom,2020,sample,1362080,False,
sample_154,Scenario_sample,UK_united_kingdom,2020,sample,1362080,False,
sample_155,Scenario_sample,UK_united_kingdom,2020,sample,1362080,False,
sample_156,Scenario_sample,UK_united_kingdom,2020,sample,1362080,False,
sample_157,Scenario_sample,UK_united_kingdom,2020,sample,1362080,False,
sample_158,Scenario_sample,UK_united_kingdom,2020,sample,1362080,False,
sample_159,Scenario_sample,UK_united_kingdom,2020,sample,1362080,False,
sample_160,Scenario_sample,UK_united_kingdom,2020,sample,1362080,False,
sample_161,Scenario_sample,UK_united_kingdom,2020,sample,1362080,False,
sample_162,Scenario_sample,UK_united_kingdom,2020,sample,1362080,False,
sample_163,Scenario_sample,UK_united_kingdom,2020,sample,1362080,False,
sample_164,Scenario_sample,UK_united_kingdom,2020,sample,1362080,False,
sample_165,Scenario_sample,UK_united_kingdom,2020,sample,1362080,False,
sample_166,Scenario_sample,UK_united_kingdom,2020,sample,1362080,False,
sample_167,Scenario_sample,UK_united_kingdom,2020,sample,1362080,False,
sample_168,Scenario_sample,UK_united_kingdom,2020,sample,1362080,False,
sample_169,Scenario_sample,UK_united_kingdom,2020,sample,1362080,False,
sample_170,Scenario_sample,UK_united_kingdom,2020,sample,1362080,False,
sample_171,Scenario_sample,UK_united_kingdom,2020,sample,1362080,False,
sample_172,Scenario_sample,UK_united_kingdom,2020,sample,1362080,False,
sample_173,Scenario_sample,UK_united_kingdom,2020,sample,1362080,False,
sample_174,Scenario_sample,UK_united_kingdom,2020,sample,1362080,False,
sample_175,Scenario_sample,UK_united_kingdom,2020,sample,1362080,False,
sample_176,Scenario_sample,UK_united_kingdom,2020,sample,1362080,False,
sample_177,Scenario_sample,UK_united_kingdom,2020,sample,1362080,False,
sample_178,Scenario_sample,UK_united_kingdom,2020,sample,1362080,False,
sample_179,Scenario_sample,UK_united_kingdom,2020,sample,1362080,False,
sample_180,Scenario_sample,UK_united_kingdom,2020,sample,1362080,False,
sample_181,Scenario_sample,UK_united_kingdom,2020,sample,1362080,False,
sample_182,Scenario_sample,UK_united_kingdom,2020,sample,1362080,False,
sample_183,Scenario_sample,UK_united_kingdom,2020,sample,1362080,False,
sample_184,Scenario_sample,UK_united_kingdom,2020,sample,1362080,False,
sample_185,Scenario_sample,UK_united_kingdom,2020,sample,1362080,False,
sample_186,Scenario_sample,UK_united_kingdom,2020,sample,1362080,False,
sample_187,Scenario_sample,UK_united_kingdom,2020,sample,1362080,False,
sample_188,Scenario_sample,UK_united_kingdom,2020,sample,1362080,False,
sample_189,Scenario_sample,UK_united_kingdom,2020,sample,1362080,False,
sample_190,Scenario_sample,UK_united_kingdom,2020,sample,1362080,False,
sample_191,Scenario_sample,UK_united_kingdom,2020,sample,1362080,False,
sample_192,Scenario_sample,UK_united_kingdom,2020,sample,1362080,False,
sample_193,Scenario_sample,UK_united_kingdom,2020,sample,1362080,False,
sample_194,Scenario_sample,UK_united_kingdom,2020,sample,1362080,False,
sample_195,Scenario_sample,UK_united_kingdom,2020,sample,1362080,False,
sample_196,Scenario_sample,UK_united_kingdom,2020,sample,1362080,False,
sample_197,Scenario_sample,UK_united_kingdom,2020,sample,1362080,False,
sample_198,Scenario_sample,UK_united_kingdom,2020,sample,1362080,False,
sample_199,Scenario_sample,UK_united_kingdom,2020,sample,1362080,False,
sample_200,Scenario_sample,UK_united_kingdom,2020,sample,1362080,False,
sample_201,Scenario_sample,UK_united_kingdom,2020,sample,1362080,False,
sample_202,Scenario_sample,UK_united_kingdom,2020,sample,1362080,False,
sample_203,Scenario_sample,UK_united_kingdom,2020,sample,1362080,False,
sample_204,Scenario_sample,UK_united_kingdom,2020,sample,1362080,False,
sample_205,Scenario_sample,UK_united_kingdom,2020,sample,1362080,False,
sample_206,Scenario_sample,UK_united_kingdom,2020,sample,1362080,False,
sample_207,Scenario_sample,UK_united_kingdom,2020,sample,1362080,False,
sample_208,Scenario_sample,UK_united_kingdom,2020,sample,1362080,False,
sample_209,Scenario_sample,UK_united_kingdom,2020,sample,1362080,False,
sample_210,Scenario_sample,UK_united_kingdom,2020,sample,1362080,False,
sample_211,Scenario_sample,UK_united_kingdom,2020,sample,1362080,False,
sample_212,Scenario_sample,UK_united_kingdom,2020,sample,1362080,False,
sample_213,Scenario_sample,UK_united_kingdom,2020,sample,1362080,False,
sample_214,Scenario_sample,UK_united_kingdom,2020,sample,1362080,False,
sample_215,Scenario_sample,UK_united_kingdom,2020,sample,1362080,False,
sample_216,Scenario_sample,UK_united_kingdom,2020,sample,1362080,False,
sample_217,Scenario_sample,UK_united_kingdom,2020,sample,1362080,False,
sample_218,Scenario_sample,UK_united_kingdom,2020,sample,1362080,False,
sample_219,Scenario_sample,UK_united_kingdom,2020,sample,1362080,False,
sample_220,Scenario_sample,UK_united_kingdom,2020,sample,1362080,False,
sample_221,Scenario_sample,UK_united_kingdom,2020,sample,1362080,False,
sample_222,Scenario_sample,UK_united_kingdom,2020,sample,1362080,False,
sample_223,Scenario_sample,UK_united_kingdom,2020,sample,1362080,False,
sample_224,Scenario_sample,UK_united_kingdom,2020,sample,1362080,False,
sample_225,Scenario_sample,UK_united_kingdom,2020,sample,1362080,False,
sample_226,Scenario_sample,UK_united_kingdom,2020,sample,1362080,False,
sample_227,Scenario_sample,UK_united_kingdom,2020,sample,1362080,False,
sample_228,Scenario_sample,UK_united_kingdom,2020,sample,1362080,False,
sample_229,Scenario_sample,UK_united_kingdom,2020,sample,1362080,False,
sample_230,Scenario_sample,UK_united_kingdom,2020,sample,1362080,False,
sample_231,Scenario_sample,UK_united_kingdom,2020,sample,1362080,False,
sample_232,Scenario_sample,UK_united_kingdom,2020,sample,1362080,False,
sample_233,Scenario_sample,UK_united_kingdom,2020,sample,1362080,False,
sample_234,Scenario_sample,UK_united_kingdom,2020,sample,1362080,False,
sample_235,Scenario_sample,UK_united_kingdom,2020,sample,1362080,False,
sample_236,Scenario_sample,UK_united_kingdom,2020,sample,1362080,False,
sample_237,Scenario_sample,UK_united_kingdom,2020,sample,1362080,False,
sample_238,Scenario_sample,UK_united_kingdom,2020,sample,1362080,False,
sample_239,Scenario_sample,UK_united_kingdom,2020,sample,1362080,False,
sample_240,Scenario_sample,UK_united_kingdom,2020,sample,1362080,False,
sample_241,Scenario_sample,UK_united_kingdom,2020,sample,1362080,False,
sample_242,Scenario_sample,UK_united_kingdom,2020,sample,1362080,False,
sample_243,Scenario_sample,UK_united_kingdom,2020,sample,1362080,False,
sample_244,Scenario_sample,UK_united_kingdom,2020,sample,1362080,False,
sample_245,Scenario_sample,UK_united_kingdom,2020,sample,1362080,False,
sample_246,Scenario_sample,UK_united_kingdom,2020,sample,1362080,False,
sample_247,Scenario_sample,UK_united_kingdom,2020,sample,1362080,False,
sample_248,Scenario_sample,UK_united_kingdom,2020,sample,1362080,False,
sample_249,Scenario_sample,UK_united_kingdom,2020,sample,1362080,False,
sample_250,Scenario_sample,UK_united_kingdom,2020,sample,1362080,False,
sample_251,Scenario_sample,UK_united_kingdom,2020,sample,1362080,False,
sample_252,Scenario_sample,UK_united_kingdom,2020,sample,1362080,False,
sample_253,Scenario_sample,UK_united_kingdom,2020,sample,1362080,False,
sample_254,Scenario_sample,UK_united_kingdom,2020,sample,1362080,False,
sample_255,Scenario_sample,UK_united_kingdom,2020,sample,1362080,False,
sample_256,Scenario_sample,UK_united_kingdom,2020,sample,1362080,False,
sample_257,Scenario_sample,UK_united_kingdom,2020,sample,1362080,False,
sample_258,Scenario_sample,UK_united_kingdom,2020,sample,1362080,False,
sample_259,Scenario_sample,UK_united_kingdom,2020,sample,1362080,False,
sample_260,Scenario_sample,UK_united_kingdom,2020,sample,1362080,False,
sample_261,Scenario_sample,UK_united_kingdom,2020,sample,1362080,False,
sample_262,Scenario_sample,UK_united_kingdom,2020,sample,1362080,False,
sample_263,Scenario_sample,UK_united_kingdom,2020,sample,1362080,False,
sample_264,Scenario_sample,UK_united_kingdom,2020,sample,1362080,False,
sample_265,Scenario_sample,UK_united_kingdom,2020,sample,1362080,False,
sample_266,Scenario_sample,UK_united_kingdom,2020,sample,1362080,False,
sample_267,Scenario_sample,UK_united_kingdom,2020,sample,1362080,False,
sample_268,Scenario_sample,UK_united_kingdom,2020,sample,1362080,False,
sample_269,Scenario_sample,UK_united_kingdom,2020,sample,1362080,False,
sample_270,Scenario_sample,UK_united_kingdom,2020,sample,1362080,False,
sample_271,Scenario_sample,UK_united_kingdom,2020,sample,1362080,False,
sample_272,Scenario_sample,UK_united_kingdom,2020,sample,1362080,False,
sample_273,Scenario_sample,UK_united_kingdom,2020,sample,1362080,False,
sample_274,Scenario_sample,UK_united_kingdom,2020,sample,1362080,False,
sample_275,Scenario_sample,UK_united_kingdom,2020,sample,1362080,False,
sample_276,Scenario_sample,UK_united_kingdom,2020,sample,1362080,False,
sample_277,Scenario_sample,UK_united_kingdom,2020,sample,1362080,False,
sample_278,Scenario_sample,UK_united_kingdom,2020,sample,1362080,False,
sample_279,Scenario_sample,UK_united_kingdom,2020,sample,1362080,False,
sample_280,Scenario_sample,UK_united_kingdom,2020,sample,1362080,False,
sample_281,Scenario_sample,UK_united_kingdom,2020,sample,1362080,False,
sample_282,Scenario_sample,UK_united_kingdom,2020,sample,1362080,False,
sample_283,Scenario_sample,UK_united_kingdom,2020,sample,1362080,False,
sample_284,Scenario_sample,UK_united_kingdom,2020,sample,1362080,False,
sample_285,Scenario_sample,UK_united_kingdom,2020,sample,1362080,False,
sample_286,Scenario_sample,UK_united_kingdom,2020,sample,1362080,False,
sample_287,Scenario_sample,UK_united_kingdom,2020,sample,1362080,False,
sample_288,Scenario_sample,UK_united_kingdom,2020,sample,1362080,False,
sample_289,Scenario_sample,UK_united_kingdom,2020,sample,1362080,False,
sample_290,Scenario_sample,UK_united_kingdom,2020,sample,1362080,False,
sample_291,Scenario_sample,UK_united_kingdom,2020,sample,1362080,False,
sample_292,Scenario_sample,UK_united_kingdom,2020,sample,1362080,False,
sample_293,Scenario_sample,UK_united_kingdom,2020,sample,1362080,False,
sample_294,Scenario_sample,UK_united_kingdom,2020,sample,1362080,False,
sample_295,Scenario_sample,UK_united_kingdom,2020,sample,1362080,False,
sample_296,Scenario_sample,UK_united_kingdom,2020,sample,1362080,False,
sample_297,Scenario_sample,UK_united_kingdom,2020,sample,1362080,False,
sample_298,Scenario_sample,UK_united_kingdom,2020,sample,1362080,False,
sample_299,Scenario_sample,UK_united_kingdom,2020,sample,1362080,False,
sample_300,Scenario_sample,UK_united_kingdom,2020,sample,1362080,False,
sample_301,Scenario_sample,UK_united_kingdom,2020,sample,1362080,False,
sample_302,Scenario_sample,UK_united_kingdom,2020,sample,1362080,False,
sample_303,Scenario_sample,UK_united_kingdom,2020,sample,1362080,False,
sample_304,Scenario_sample,UK_united_kingdom,2020,sample,1362080,False,
sample_305,Scenario_sample,UK_united_kingdom,2020,sample,1362080,False,
sample_306,Scenario_sample,UK_united_kingdom,2020,sample,1362080,False,
sample_307,Scenario_sample,UK_united_kingdom,2020,sample,1362080,False,
sample_308,Scenario_sample,UK_united_kingdom,2020,sample,1362080,False,
sample_309,Scenario_sample,UK_united_kingdom,2020,sample,1362080,False,
sample_310,Scenario_sample,UK_united_kingdom,2020,sample,1362080,False,
sample_311,Scenario_sample,UK_united_kingdom,2020,sample,1362080,False,
sample_312,Scenario_sample,UK_united_kingdom,2020,sample,1362080,False,
sample_313,Scenario_sample,UK_united_kingdom,2020,sample,1362080,False,
sample_314,Scenario_sample,UK_united_kingdom,2020,sample,1362080,False,
sample_315,Scenario_sample,UK_united_kingdom,2020,sample,1362080,False,
sample_316,Scenario_sample,UK_united_kingdom,2020,sample,1362080,False,
sample_317,Scenario_sample,UK_united_kingdom,2020,sample,1362080,False,
sample_318,Scenario_sample,UK_united_kingdom,2020,sample,1362080,False,
sample_319,Scenario_sample,UK_united_kingdom,2020,sample,1362080,False,
sample_320,Scenario_sample,UK_united_kingdom,2020,sample,1362080,False,
sample_321,Scenario_sample,UK_united_kingdom,2020,sample,1362080,False,
sample_322,Scenario_sample,UK_united_kingdom,2020,sample,1362080,False,
sample_323,Scenario_sample,UK_united_kingdom,2020,sample,1362080,False,
sample_324,Scenario_sample,UK_united_kingdom,2020,sample,1362080,False,
sample_325,Scenario_sample,UK_united_kingdom,2020,sample,1362080,False,
sample_326,Scenario_sample,UK_united_kingdom,2020,sample,1362080,False,
sample_327,Scenario_sample,UK_united_kingdom,2020,sample,1362080,False,
sample_328,Scenario_sample,UK_united_kingdom,2020,sample,1362080,False,
sample_329,Scenario_sample,UK_united_kingdom,2020,sample,1362080,False,
sample_330,Scenario_sample,UK_united_kingdom,2020,sample,1362080,False,
sample_331,Scenario_sample,UK_united_kingdom,2020,sample,1362080,False,
sample_332,Scenario_sample,UK_united_kingdom,2020,sample,1362080,False,
sample_333,Scenario_sample,UK_united_kingdom,2020,sample,1362080,False,
sample_334,Scenario_sample,UK_united_kingdom,2020,sample,1362080,False,
sample_335,Scenario_sample,UK_united_kingdom,2020,sample,1362080,False,
sample_336,Scenario_sample,UK_united_kingdom,2020,sample,1362080,False,
sample_337,Scenario_sample,UK_united_kingdom,2020,sample,1362080,False,
sample_338,Scenario_sample,UK_united_kingdom,2020,sample,1362080,False,
sample_339,Scenario_sample,UK_united_kingdom,2020,sample,1362080,False,
sample_340,Scenario_sample,UK_united_kingdom,2020,sample,1362080,False,
sample_341,Scenario_sample,UK_united_kingdom,2020,sample,1362080,False,
sample_342,Scenario_sample,UK_united_kingdom,2020,sample,1362080,False,
sample_343,Scenario_sample,UK_united_kingdom,2020,sample,1362080,False,
sample_344,Scenario_sample,UK_united_kingdom,2020,sample,1362080,False,
sample_345,Scenario_sample,UK_united_kingdom,2020,sample,1362080,False,
sample_346,Scenario_sample,UK_united_kingdom,2020,sample,1362080,False,
sample_347,Scenario_sample,UK_united_kingdom,2020,sample,1362080,False,
sample_348,Scenario_sample,UK_united_kingdom,2020,sample,1362080,False,
sample_349,Scenario_sample,UK_united_kingdom,2020,sample,1362080,False,
sample_350,Scenario_sample,UK_united_kingdom,2020,sample,1362080,False,
sample_351,Scenario_sample,UK_united_kingdom,2020,sample,1362080,False,
sample_352,Scenario_sample,UK_united_kingdom,2020,sample,1362080,False,
sample_353,Scenario_sample,UK_united_kingdom,2020,sample,1362080,False,
sample_354,Scenario_sample,UK_united_kingdom,2020,sample,1362080,False,
sample_355,Scenario_sample,UK_united_kingdom,2020,sample,1362080,False,
sample_356,Scenario_sample,UK_united_kingdom,2020,sample,1362080,False,
sample_357,Scenario_sample,UK_united_kingdom,2020,sample,1362080,False,
sample_358,Scenario_sample,UK_united_kingdom,2020,sample,1362080,False,
sample_359,Scenario_sample,UK_united_kingdom,2020,sample,1362080,False,
sample_360,Scenario_sample,UK_united_kingdom,2020,sample,1362080,False,
sample_361,Scenario_sample,UK_united_kingdom,2020,sample,1362080,False,
sample_362,Scenario_sample,UK_united_kingdom,2020,sample,1362080,False,
sample_363,Scenario_sample,UK_united_kingdom,2020,sample,1362080,False,
sample_364,Scenario_sample,UK_united_kingdom,2020,sample,1362080,False,
sample_365,Scenario_sample,UK_united_kingdom,2020,sample,1362080,False,
sample_366,Scenario_sample,UK_united_kingdom,2020,sample,1362080,False,
sample_367,Scenario_sample,UK_united_kingdom,2020,sample,1362080,False,
sample_368,Scenario_sample,UK_united_kingdom,2020,sample,1362080,False,
sample_369,Scenario_sample,UK_united_kingdom,2020,sample,1362080,False,
sample_370,Scenario_sample,UK_united_kingdom,2020,sample,1362080,False,
sample_371,Scenario_sample,UK_united_kingdom,2020,sample,1362080,False,
sample_372,Scenario_sample,UK_united_kingdom,2020,sample,1362080,False,
sample_373,Scenario_sample,UK_united_kingdom,2020,sample,1362080,False,
sample_374,Scenario_sample,UK_united_kingdom,2020,sample,1362080,False,
sample_375,Scenario_sample,UK_united_kingdom,2020,sample,1362080,False,
sample_376,Scenario_sample,UK_united_kingdom,2020,sample,1362080,False,
sample_377,Scenario_sample,UK_united_kingdom,2020,sample,1362080,False,
sample_378,Scenario_sample,UK_united_kingdom,2020,sample,1362080,False,
sample_379,Scenario_sample,UK_united_kingdom,2020,sample,1362080,False,
sample_380,Scenario_sample,UK_united_kingdom,2020,sample,1362080,False,
sample_381,Scenario_sample,UK_united_kingdom,2020,sample,1362080,False,
sample_382,Scenario_sample,UK_united_kingdom,2020,sample,1362080,False,
sample_383,Scenario_sample,UK_united_kingdom,2020,sample,1362080,False,
sample_384,Scenario_sample,UK_united_kingdom,2020,sample,1362080,False,
sample_385,Scenario_sample,UK_united_kingdom,2020,sample,1362080,False,
sample_386,Scenario_sample,UK_united_kingdom,2020,sample,1362080,False,
sample_387,Scenario_sample,UK_united_kingdom,2020,sample,1362080,False,
sample_388,Scenario_sample,UK_united_kingdom,2020,sample,1362080,False,
sample_389,Scenario_sample,UK_united_kingdom,2020,sample,1362080,False,
sample_390,Scenario_sample,UK_united_kingdom,2020,sample,1362080,False,
sample_391,Scenario_sample,UK_united_kingdom,2020,sample,1362080,False,
sample_392,Scenario_sample,UK_united_kingdom,2020,sample,1362080,False,
sample_393,Scenario_sample,UK_united_kingdom,2020,sample,1362080,False,
sample_394,Scenario_sample,UK_united_kingdom,2020,sample,1362080,False,
sample_395,Scenario_sample,UK_united_kingdom,2020,sample,1362080,False,
sample_396,Scenario_sample,UK_united_kingdom,2020,sample,1362080,False,
sample_397,Scenario_sample,UK_united_kingdom,2020,sample,1362080,False,
sample_398,Scenario_sample,UK_united_kingdom,2020,sample,1362080,False,
sample_399,Scenario_sample,UK_united_kingdom,2020,sample,1362080,False,
sample_400,Scenario_sample,UK_united_kingdom,2020,sample,1362080,False,
sample_401,Scenario_sample,UK_united_kingdom,2020,sample,1362080,False,
sample_402,Scenario_sample,UK_united_kingdom,2020,sample,1362080,False,
sample_403,Scenario_sample,UK_united_kingdom,2020,sample,1362080,False,
sample_404,Scenario_sample,UK_united_kingdom,2020,sample,1362080,False,
sample_405,Scenario_sample,UK_united_kingdom,2020,sample,1362080,False,
sample_406,Scenario_sample,UK_united_kingdom,2020,sample,1362080,False,
sample_407,Scenario_sample,UK_united_kingdom,2020,sample,1362080,False,
sample_408,Scenario_sample,UK_united_kingdom,2020,sample,1362080,False,
sample_409,Scenario_sample,UK_united_kingdom,2020,sample,1362080,False,
sample_410,Scenario_sample,UK_united_kingdom,2020,sample,1362080,False,
sample_411,Scenario_sample,UK_united_kingdom,2020,sample,1362080,False,
sample_412,Scenario_sample,UK_united_kingdom,2020,sample,1362080,False,
sample_413,Scenario_sample,UK_united_kingdom,2020,sample,1362080,False,
sample_414,Scenario_sample,UK_united_kingdom,2020,sample,1362080,False,
sample_415,Scenario_sample,UK_united_kingdom,2020,sample,1362080,False,
sample_416,Scenario_sample,UK_united_kingdom,2020,sample,1362080,False,
sample_417,Scenario_sample,UK_united_kingdom,2020,sample,1362080,False,
sample_418,Scenario_sample,UK_united_kingdom,2020,sample,1362080,False,
sample_419,Scenario_sample,UK_united_kingdom,2020,sample,1362080,False,
sample_420,Scenario_sample,UK_united_kingdom,2020,sample,1362080,False,
sample_421,Scenario_sample,UK_united_kingdom,2020,sample,1362080,False,
sample_422,Scenario_sample,UK_united_kingdom,2020,sample,1362080,False,
sample_423,Scenario_sample,UK_united_kingdom,2020,sample,1362080,False,
sample_424,Scenario_sample,UK_united_kingdom,2020,sample,1362080,False,
sample_425,Scenario_sample,UK_united_kingdom,2020,sample,1362080,False,
sample_426,Scenario_sample,UK_united_kingdom,2020,sample,1362080,False,
sample_427,Scenario_sample,UK_united_kingdom,2020,sample,1362080,False,
sample_428,Scenario_sample,UK_united_kingdom,2020,sample,1362080,False,
sample_429,Scenario_sample,UK_united_kingdom,2020,sample,1362080,False,
sample_430,Scenario_sample,UK_united_kingdom,2020,sample,1362080,False,
sample_431,Scenario_sample,UK_united_kingdom,2020,sample,1362080,False,
sample_432,Scenario_sample,UK_united_kingdom,2020,sample,1362080,False,
sample_433,Scenario_sample,UK_united_kingdom,2020,sample,1362080,False,
sample_434,Scenario_sample,UK_united_kingdom,2020,sample,1362080,False,
sample_435,Scenario_sample,UK_united_kingdom,2020,sample,1362080,False,
sample_436,Scenario_sample,UK_united_kingdom,2020,sample,1362080,False,
sample_437,Scenario_sample,UK_united_kingdom,2020,sample,1362080,False,
sample_438,Scenario_sample,UK_united_kingdom,2020,sample,1362080,False,
sample_439,Scenario_sample,UK_united_kingdom,2020,sample,1362080,False,
sample_440,Scenario_sample,UK_united_kingdom,2020,sample,1362080,False,
sample_441,Scenario_sample,UK_united_kingdom,2020,sample,1362080,False,
sample_442,Scenario_sample,UK_united_kingdom,2020,sample,1362080,False,
sample_443,Scenario_sample,UK_united_kingdom,2020,sample,1362080,False,
sample_444,Scenario_sample,UK_united_kingdom,2020,sample,1362080,False,
sample_445,Scenario_sample,UK_united_kingdom,2020,sample,1362080,False,
sample_446,Scenario_sample,UK_united_kingdom,2020,sample,1362080,False,
sample_447,Scenario_sample,UK_united_kingdom,2020,sample,1362080,False,
sample_448,Scenario_sample,UK_united_kingdom,2020,sample,1362080,False,
sample_449,Scenario_sample,UK_united_kingdom,2020,sample,1362080,False,
sample_450,Scenario_sample,UK_united_kingdom,2020,sample,1362080,False,
sample_451,Scenario_sample,UK_united_kingdom,2020,sample,1362080,False,
sample_452,Scenario_sample,UK_united_kingdom,2020,sample,1362080,False,
sample_453,Scenario_sample,UK_united_kingdom,2020,sample,1362080,False,
sample_454,Scenario_sample,UK_united_kingdom,2020,sample,1362080,False,
sample_455,Scenario_sample,UK_united_kingdom,2020,sample,1362080,False,
sample_456,Scenario_sample,UK_united_kingdom,2020,sample,1362080,False,
sample_457,Scenario_sample,UK_united_kingdom,2020,sample,1362080,False,
sample_458,Scenario_sample,UK_united_kingdom,2020,sample,1362080,False,
sample_459,Scenario_sample,UK_united_kingdom,2020,sample,1362080,False,
sample_460,Scenario_sample,UK_united_kingdom,2020,sample,1362080,False,
sample_461,Scenario_sample,UK_united_kingdom,2020,sample,1362080,False,
sample_462,Scenario_sample,UK_united_kingdom,2020,sample,1362080,False,
sample_463,Scenario_sample,UK_united_kingdom,2020,sample,1362080,False,
sample_464,Scenario_sample,UK_united_kingdom,2020,sample,1362080,False,
sample_465,Scenario_sample,UK_united_kingdom,2020,sample,1362080,False,
sample_466,Scenario_sample,UK_united_kingdom,2020,sample,1362080,False,
sample_467,Scenario_sample,UK_united_kingdom,2020,sample,1362080,False,
sample_468,Scenario_sample,UK_united_kingdom,2020,sample,1362080,False,
sample_469,Scenario_sample,UK_united_kingdom,2020,sample,1362080,False,
sample_470,Scenario_sample,UK_united_kingdom,2020,sample,1362080,False,
sample_471,Scenario_sample,UK_united_kingdom,2020,sample,1362080,False,
sample_472,Scenario_sample,UK_united_kingdom,2020,sample,1362080,False,
sample_473,Scenario_sample,UK_united_kingdom,2020,sample,1362080,False,
sample_474,Scenario_sample,UK_united_kingdom,2020,sample,1362080,False,
sample_475,Scenario_sample,UK_united_kingdom,2020,sample,1362080,False,
sample_476,Scenario_sample,UK_united_kingdom,2020,sample,1362080,False,
sample_477,Scenario_sample,UK_united_kingdom,2020,sample,1362080,False,
sample_478,Scenario_sample,UK_united_kingdom,2020,sample,1362080,False,
sample_479,Scenario_sample,UK_united_kingdom,2020,sample,1362080,False,
sample_480,Scenario_sample,UK_united_kingdom,2020,sample,1362080,False,
sample_481,Scenario_sample,UK_united_kingdom,2020,sample,1362080,False,
sample_482,Scenario_sample,UK_united_kingdom,2020,sample,1362080,False,
sample_483,Scenario_sample,UK_united_kingdom,2020,sample,1362080,False,
sample_484,Scenario_sample,UK_united_kingdom,2020,sample,1362080,False,
sample_485,Scenario_sample,UK_united_kingdom,2020,sample,1362080,False,
sample_486,Scenario_sample,UK_united_kingdom,2020,sample,1362080,False,
sample_487,Scenario_sample,UK_united_kingdom,2020,sample,1362080,False,
sample_488,Scenario_sample,UK_united_kingdom,2020,sample,1362080,False,
sample_489,Scenario_sample,UK_united_kingdom,2020,sample,1362080,False,
sample_490,Scenario_sample,UK_united_kingdom,2020,sample,1362080,False,
sample_491,Scenario_sample,UK_united_kingdom,2020,sample,1362080,False,
sample_492,Scenario_sample,UK_united_kingdom,2020,sample,1362080,False,
sample_493,Scenario_sample,UK_united_kingdom,2020,sample,1362080,False,
sample_494,Scenario_sample,UK_united_kingdom,2020,sample,1362080,False,
sample_495,Scenario_sample,UK_united_kingdom,2020,sample,1362080,False,
sample_496,Scenario_sample,UK_united_kingdom,2020,sample,1362080,False,
sample_497,Scenario_sample,UK_united_kingdom,2020,sample,1362080,False,
sample_498,Scenario_sample,UK_united_kingdom,2020,sample,1362080,False,
sample_499,Scenario_sample,UK_united_kingdom,2020,sample,1362080,False,
